filename|statut|toencode|toclean|size|resolution|video_codec|bitrate|profile|audio_codec|sub|comment|modif
L'Agence (2011).mkv|ToClean|No|Yes|2.863|1080p|h264|3782|high|fre:ac3 fre:ac3 eng:ac3 |fre fre eng eng ||19/10/2020 16:24
12 Hommes en colère (1957).mkv|ToClean|No|Yes|3.471|1080p|h264|5047|high|fre:ac3 eng:ac3 |fre fre fre fre ||23/02/2024 21:26
2 Fast 2 Furious (2003).mkv|ToClean|No|Yes|3.713|1080p|h264|4825|high|fre:ac3 eng:ac3 |fre fre ||17/05/2023 18:19
2012 (2009).mkv||No|No|3.64|1080p|h264|3225|high|fre:ac3 |fre fre fre eng eng eng eng ||14/07/2021 23:18
3 Days to Kill (2014).mkv||No|No|2.559|1080p|h264|2925|high|fre:ac3 |fre ||04/01/2021 16:33
355 (2022).mkv|ToClean|No|Yes|3.044|1080p|h264|3468|high|fre:ac3 eng:ac3 |fre fre ||12/03/2023 17:40
60 secondes chrono (2000).mkv||No|No|3.805|1080p|h264|4510|high|fre:dts |fre fre ||20/10/2020 00:02
8 millimètres (1999).mkv||No|No|2.942|1080p|h264|3335|high|fre:ac3 |fre fre fre eng ||27/02/2021 10:08
Adam à travers le temps (2022).mkv||No|No|2.895|1080p|h264|3796|main|fre:eac3 |fre fre ||22/03/2022 21:03
After Earth (2013).mkv|ToClean|No|Yes|3.911|1080p|hevc|5465|main 10|fre:eac3 fre:eac3 eng:eac3 |fre fre fre eng eng ||01/02/2025 02:46
Air Force One (1997).mp4||No|No|1.383|1080p|h264|1485|high|und:aac |||26/07/2020 20:33
Alerte ! (1995).mkv||No|No|9.297|1080p|h264|10139|high|fre:ac3 |||14/04/2020 01:26
Alice au pays des merveilles (2010).mkv||No|No|2.446|1080p|h264|3150|high|fre:ac3 |fre eng eng ||18/08/2021 16:51
Alice de l'autre côté du miroir (2016).mkv||No|No|2.465|1080p|h264|3050|high|fre:ac3 |fre fre eng eng eng eng ||18/08/2021 16:05
Alien, la résurrection (1997).mkv||No|No|3.33|1080p|h264|4009|main|fre:mp3 |fre fre eng ||26/07/2021 13:45
Alien, le huitième passager (1979).mkv||No|No|3.376|1080p|h264|4075|main|fre:mp3 |fre fre eng ||25/07/2021 23:56
Alien- Romulus (2024).mkv|ToClean|No|Yes|9.468|1080p|h264|11053|high|fre:eac3 fre:eac3 fre:eac3 eng:eac3 |fre fre fre fre fre fre eng ||19/10/2024 14:58
Aliens, le retour (1986).mkv||No|No|2.856|1080p|h264|2585|high|fre:ac3 |fre ||26/07/2021 00:21
Alien - Covenant (2017).mkv||No|No|3.324|1080p|h264|3808|main|fre:ac3 fre:ac3 |fre eng fre fre spa fre eng eng spa ||26/07/2021 16:00
Alien³ (1992).mkv||No|No|2.679|1080p|h264|2585|high|fre:ac3 |fre ||26/07/2021 11:24
Ambulance (2022).mkv|ToClean|No|Yes|3.507|1080p|h264|3597|high|fre:ac3 eng:ac3 |fre fre ||07/01/2023 12:46
American Beauty (1999).avi||No|No|0.684|528|msmpeg4v3|683|???|???:mp3 |||16/01/2013 20:43
American History X (1998).avi||No|No|0.7|560|mpeg4|674|advanced simple profile|???:mp3 |||30/12/2012 15:16
American Psycho (2000).mkv|ToClean|No|Yes|2.374|1080p|h264|3247|high|fre:ac3 eng:ac3 fre:aac |fre fre eng ||28/01/2021 16:43
Anges et Démons (2009).mkv|ToClean|No|Yes|3.537|1080p|h264|3381|main|fre:aac eng:aac |fre eng fre ||04/04/2024 23:22
Angles d'attaque (2008).mkv|ToClean|No|Yes|0.701|720|h264|1088|high|fre:aac eng:aac eng:aac |mis mis fre fre eng eng ||05/05/2020 13:49
Animatrix (2003).mkv|ToClean|No|Yes|2.736|1912|h264|3794|high|fre:ac3 eng:ac3 |fre fre eng ||04/03/2024 14:33
Ant-Man (2015).mkv||No|No|2.45|1080p|h264|2925|high|fre:ac3 |fre fre eng eng ||10/04/2021 22:10
Ant-Man et la Guêpe (2018).mkv||No|No|2.998|1080p|h264|3547|high|fre:ac3 |fre fre fre fre eng eng eng ||10/04/2021 21:47
Antitrust (2001).mkv|ToClean|No|Yes|3.106|1080p|h264|3999|high|fre:aac fre:ac3 eng:ac3 |fre eng ||15/08/2021 22:42
Apollo 11 (2019).avi||No|No|1.416|720|mpeg4|1737|advanced simple profile|???:ac3 |||03/07/2020 15:22
Apollo 13 (1995).mkv|ToClean|No|Yes|6.299|1080p|hevc|6275|main 10|eng:aac fre:aac spa:aac ger:aac ita:aac jpn:aac por:aac eng:aac eng:aac |eng spa fre ger ita jpn por spa swe dan fin dut nob eng fre ger ita jpn spa eng fre ger ita jpn spa ||31/01/2025 01:32
Aporia (2023).mkv|ToClean|No|Yes|7.931|1080p|h264|10547|high|fre:eac3 eng:eac3 |fre fre eng ||05/01/2024 21:53
Apprentis Parents (2018).mkv|ToClean|No|Yes|3.919|1080p|h264|4639|high|fre:ac3 eng:ac3 fre:ac3 |fre fre fre fre eng eng spa fre eng spa fre fre eng eng spa fre eng spa ||22/07/2024 00:18
Armageddon (1998).mkv|ToEncode|Yes|Yes|42.371|1080p|h264|39273|high|eng:dts fre:dts ger:dts ita:dts spa:dts cze:ac3 hun:ac3 pol:ac3 rus:ac3 |eng eng fre fre ger ger ita ita spa spa cze cze hun hun pol pol rus rus ara bul hrv dan dut fin gre heb ice nor por rum srp slo slv swe tur ukr ||01/02/2025 03:42
Arrête-moi si tu peux (2002).mkv||No|No|4.273|1080p|h264|4245|high|???:ac3 ???:ac3 ???:aac |??? ??? ||19/05/2020 22:01
Arsenal (2017).mp4||No|No|0.412|360p|h264|557|high|und:aac |||17/04/2017 20:50
Arthur the King (2024).mkv|ToClean|No|Yes|6.111|1080p|h264|7974|high|fre:eac3 eng:eac3 |fre fre ||23/08/2024 19:32
Asterix & Obelix - Mission Cleopatra (2002).mkv|Good|No|No|7.784|1080p|hevc|9678|main 10|fre:aac fre:aac |eng fre ||27/01/2025 23:53
Atlas (2024).mkv|ToClean|No|Yes|5.856|1080p|h264|6817|main|fre:eac3 fre:eac3 eng:eac3 |fre fre fre eng ||27/05/2024 20:44
Ava (2020).avi||No|No|0.701|720|mpeg4|868|advanced simple profile|???:mp3 |||06/09/2020 21:53
Avatar (2009).mkv||No|No|22.339|1080p|h264|17530|high|fre:dts |fre fre ||03/11/2020 20:49
Avatar - La Voie de l'eau (2022).mkv|ToClean|No|Yes|7.486|1080p|h264|5433|main|fre:aac eng:aac |fre eng fre fre fre ||24/02/2024 00:01
Avengers (2012).mp4||No|No|2.009|1080p|h264|1799|high|fre:aac |||05/05/2019 22:59
Avengers - Endgame (2019).mkv||No|No|3.739|1080p|h264|2885|high|fre:ac3 |fre fre ||13/10/2019 17:02
Avengers - Infinity War (2018).mkv||No|No|12.196|1080p|h264|11416|high|fre:eac3 fre:ac3 |fre ||12/09/2018 21:39
Avengers - L'Ère d'Ultron (2015).mkv|ToClean|No|Yes|11.643|1080p|h264|11519|high|fre:ac3 eng:dts |fre fre ||08/09/2015 22:35
Balade entre les tombes (2014).mkv||No|No|1.398|720|h264|1711|high|fre:ac3 |||01/02/2015 12:38
Bande de sauvages (2007).avi||No|No|0.699|576|mpeg4|822|advanced simple profile|???:mp3 |||26/01/2022 14:21
Barbaque (2021).mkv||No|No|0.496|720|h264|794|high|???:aac |||15/06/2024 14:33
Barbie (2023).mkv||No|No|3.128|1080p|h264|3799|high|fre:ac3 |fre fre ||02/02/2025 16:23
Barry Seal - American Traffic (2017).mkv|ToClean|No|Yes|3.04|1080p|h264|3697|high|fre:ac3 eng:ac3 |fre fre ||03/11/2020 17:14
Basic (2003).mkv|ToClean|No|Yes|2.144|1080p|h264|3175|high|eng:aac fre:ac3 |fre fre ||19/05/2020 21:39
Basic Instinct (1992).mkv|ToClean|No|Yes|2.343|1080p|h264|2555|high|fre:ac3 eng:aac |fre eng ||03/01/2023 20:45
Basic Instinct 2 (2006).mkv|ToClean|No|Yes|2.846|1080p|h264|3489|high|???:ac3 ???:ac3 fre:ac3 |??? ??? ||03/01/2023 21:08
Batman Begins (2005).mkv||No|No|6.677|720p|h264|6665|high|fre:ac3 |fre ||06/05/2013 12:43
Batman v Superman - L'Aube de la Justice (2016).avi||No|No|1.385|720|mpeg4|918|simple profile|???:mp3 |||16/09/2017 19:03
Beauté cachée (2016).mkv||No|No|1.97|1080p|h264|2850|high|fre:ac3 |fre fre eng eng ||04/03/2022 21:37
Benjamin Gates et le Livre des Secrets (2007).mp4||No|No|1.662|1080p|h264|1699|high|fra:aac |||08/07/2020 23:45
Benjamin Gates et le Trésor des Templiers (2004).mp4||No|No|1.749|1080p|h264|1699|high|fra:aac |||08/07/2020 23:35
Bienvenue chez les Ch'tis (2008).mkv||No|No|1.399|360p|h264|1845|high|fre:ac3 |||13/06/2014 23:03
Bienvenue à Gattaca (1997).avi||No|No|0.701|608|mpeg4|853|???|???:mp3 |||27/06/2008 12:10
Bird Box (2018).avi||No|No|1.403|720|mpeg4|1447|advanced simple profile|???:mp3 |||01/01/2019 23:12
Black Panther (2018).avi||No|No|2.175|720|mpeg4|1801|advanced simple profile|???:ac3 |||10/06/2018 14:47
Black Widow (2021).mkv||No|No|3.381|1080p|h264|3533|high|fre:eac3 |fre fre eng eng nor dan dut swe fin fre ita ger por por spa fre jpn spa ||15/07/2021 21:10
Blacklight (2022).mkv||No|No|5.292|1080p|h264|7055|high|fre:ac3 |fre ||12/03/2022 21:59
Blade (1998).mkv||No|No|2.536|1080p|h264|2948|high|fre:ac3 |fre fre eng ||24/12/2021 22:36
Blitz (2011).mkv||No|No|2.016|1080p|h264|2906|high|fre:ac3 |fre eng eng spa ||03/11/2020 17:30
Bloodshot (2020).avi||No|No|0.694|720|mpeg4|753|advanced simple profile|???:mp3 |||01/05/2020 13:25
Blown Away (1994).mkv|ToClean|No|Yes|2.474|1080p|h264|2865|high|eng:ac3 fre:ac3 |eng spa ||11/02/2023 13:10
Bohemian Rhapsody (2018).mkv|ToClean|No|Yes|10.678|1080p|h264|11090|high|fre:ac3 eng:dts |fre fre ||19/04/2020 23:02
Bone Collector (1999).avi||No|No|1.411|720|mpeg4|1219|advanced simple profile|???:ac3 |||29/06/2020 12:20
Boulevard de la mort (2007).mkv||No|No|1.508|720|h264|2196|high|fre:ac3 |||25/03/2017 20:12
Boîte noire (2021).mkv||No|No|2.849|1080p|h264|3202|high|fre:aac |||24/12/2021 20:27
Braquage final (2021).mkv|ToClean|No|Yes|2.93|1080p|h264|3464|high|fre:ac3 eng:ac3 |fre fre ||02/04/2023 21:22
Braquage à l'ancienne (2017).avi||No|No|0.7|720|mpeg4|917|advanced simple profile|???:mp3 |||10/08/2017 21:54
Braquage à l'italienne (2003).mkv|ToClean|No|Yes|2.971|1080p|h264|3756|high|eng:ac3 fre:ac3 |fre eng ||24/12/2022 19:48
Braveheart (1995).mkv|ToClean|No|Yes|4.304|1080p|h264|3385|high|fre:ac3 eng:ac3 fre:aac |fre fre eng ||18/09/2022 15:42
Broken Arrow (1996).mkv||No|No|3.635|1080p|h264|4690|main|fre:aac |fre fre ||21/01/2022 21:43
Brooklyn Affairs (2019).mkv|ToClean|No|Yes|4.023|1080p|h264|3896|main|fre:ac3 eng:ac3 |fre fre ||11/05/2023 21:24
Bullet Train (2022).mkv|ToClean|No|Yes|8.579|1080p|h264|9460|high|fre:eac3 eng:eac3 |fre fre ||13/11/2022 00:39
Burn After Reading (2008).avi||No|No|1.398|720|mpeg4|1582|advanced simple profile|???:ac3 |||22/07/2015 15:06
C'est arrivé près de chez vous (1992).avi||No|No|0.699|672|mpeg4|878|advanced simple profile|???:mp3 |||24/08/2013 01:38
Captain America - First Avenger (2011).mkv|ToClean|No|Yes|3.296|1080p|h264|3710|main|fre:aac eng:aac |eng eng fre fre fre ||18/10/2024 18:27
Carry-On (2024).mkv|ToClean|No|Yes|5.826|1080p|h264|6807|main|fre:eac3 fre:eac3 eng:eac3 |fre fre fre eng ||20/12/2024 12:26
Case départ (2011).avi||No|No|0.699|360p|mpeg4|901|advanced simple profile|???:mp3 |||18/01/2022 13:47
Chair de poule - Le Film (2015).avi||No|No|1.408|720|mpeg4|1445|simple profile|???:ac3 |||29/01/2016 18:16
Chevalier (2001).mkv||No|No|2.8|1080p|h264|2962|high|???:aac |||11/03/2022 20:06
Chute libre (1993).mkv|ToClean|No|Yes|2.478|1080p|h264|3077|high|eng:ac3 fre:ac3 fre:ac3 |fre eng ||28/05/2023 22:13
Civil War (2024).mkv|ToClean|No|Yes|7.485|1080p|h264|9597|high|fre:eac3 fre:eac3 eng:eac3 |fre fre fre ||20/08/2024 22:36
Cliffhanger - Traque au sommet (1993).mkv||No|No|3.288|1080p|h264|4086|main|fre:mp3 |fre fre ||16/08/2020 21:23
Code 8 (2019).mkv||No|No|3.143|1080p|h264|4471|high|fre:ac3 |fre fre ||04/06/2024 20:59
Collatéral (2004).mkv|ToClean|No|Yes|1.938|1080p|h264|2259|high|fre:aac eng:aac |fre fre eng ||10/05/2023 19:37
Complots (1997).mkv||No|No|2.805|1080p|h264|2899|high|fre:aac |||20/09/2021 20:13
Constantine (2005).mkv|ToClean|No|Yes|12.226|1080p|h264|14151|high|fre:ac3 eng:dts |fre fre ||19/08/2013 05:48
Contact (1997).mkv|ToClean|No|Yes|4.621|1080p|h264|4316|high|fre:ac3 eng:ac3 |fre ||11/03/2024 10:01
Criminal Activities (2015).avi||No|No|1.526|720|mpeg4|1809|advanced simple profile|???:ac3 |||27/02/2016 22:00
Criminal Squad (2018).mkv|ToClean|No|Yes|3.326|1080p|h264|3310|high|fre:ac3 eng:aac |fre fre ||25/12/2022 17:59
Cruella (2021).mkv||No|No|3.19|1080p|h264|3249|high|fre:eac3 |fre fre ||03/09/2021 18:46
Da Vinci Code (2006).mkv|ToClean|No|Yes|4.705|1080p|h264|3767|high|fre:ac3 eng:ac3 fre:ac3 |fre fre eng spa ||04/04/2024 21:56
Danny the Dog (2005).avi||No|No|0.698|576|mpeg4|815|simple profile|???:mp3 |||26/09/2005 20:49
Dark City (1998).mkv|ToClean|No|Yes|11.197|1080p|h264|14011|high|fre:dts eng:dts |fre fre ||10/09/2010 10:30
Dark Places (2015).avi||No|No|0.699|720|mpeg4|731|advanced simple profile|???:mp3 |||16/08/2015 22:51
All Is Lost (2013).mkv||No|No|2.233|1080p|h264|2947|high|fre:ac3 fre:ac3 |fre ||07/08/2020 21:24
Arnaques, crimes et botanique (1998).avi||No|No|0.631|720|msmpeg4v3|725|???|???:mp3 |||22/12/2003 19:58
Charlie's Angels (2019).avi||No|No|1.405|720|mpeg4|1525|advanced simple profile|???:mp3 |||07/05/2020 01:05
Donnie Brasco (1997).avi||No|No|0.673|480|mpeg4|636|simple profile|???:mp3 |||16/09/2018 22:53
Extraction (2015).mp4||No|No|0.884|720p|h264|1143|high|und:aac |||26/03/2017 22:11
Fusion (2003).mkv||No|No|4.554|720p|h264|4919|high|???:ac3 |||30/03/2020 21:21
Hacker (2015).avi||No|No|2.097|720|mpeg4|1738|advanced simple profile|???:ac3 |||11/05/2015 20:28
Heat (1995).mkv||No|No|4.551|1080p|h264|3736|high|fre:ac3 |fre ||21/05/2021 19:50
I Origins (2014).avi||No|No|1.443|720|mpeg4|1486|advanced simple profile|???:ac3 |||07/02/2015 00:09
Inside man - L'homme de l'intérieur (2006).mkv||No|No|0.697|360p|h264|758|high|fre:aac |fre ||23/06/2020 13:21
Je suis une légende (2007).mkv||No|No|3.683|1080p|h264|5123|main|fre:ac3 |fre fre eng ||19/10/2020 14:08
Jours de Tonnerre (1990).mkv||No|No|4.667|1916|h264|6081|high|fre:ac3 fre:ac3 |fre ||17/04/2023 13:30
Darkest Minds - Rébellion (2018).AVI||No|No|0.7|720|mpeg4|801|advanced simple profile|???:mp3 |||05/10/2018 19:59
Deadpool & Wolverine (2024).mkv|ToClean|No|Yes|3.483|720p|h264|3769|high|fre:aac fre:aac eng:aac |fre fre eng ||21/01/2025 21:44
Deadpool (2016).mkv|ToClean|No|Yes|1.854|1080p|hevc|2397|main|fre:ac3 fre:ac3 eng:ac3 |fre fre ||03/04/2023 21:01
Deadpool 2 (2018).mkv||No|No|3.395|1080p|h264|3543|high|fra:ac3 eng:ac3 |fra fra eng eng ||03/04/2023 20:57
Deep Impact (1998).avi||No|No|0.695|624|mpeg4|791|???|???:mp3 |||05/11/2008 14:51
Deepwater (2016).mkv|ToClean|No|Yes|3.065|1080p|h264|3995|high|fre:ac3 eng:ac3 fre:ac3 |fre fre fre eng eng ||15/12/2022 22:05
Dernière Danse (1996).avi||No|No|0.691|720|mpeg4|837|???|???:mp3 |||01/08/2020 21:23
Des hommes d'honneur (1992).mkv||No|No|2.712|1080p|h264|2747|high|???:ac3 ???:ac3 ???:aac |??? ??? ||21/03/2020 23:31
Des hommes d'influence (1997).avi||No|No|0.696|704|mpeg4|909|advanced simple profile|???:mp3 |||16/08/2024 08:53
Destination Wedding (2018).mkv||No|No|1.784|1080p|h264|2883|high|fre:ac3 |fre fre ||05/04/2021 17:58
Dikkenek (2006).mkv||No|No|7.242|1080p|h264|12158|high|fre:eac3 |||07/01/2023 14:41
Divergente (2014).mkv||No|No|2.786|1080p|h264|2785|high|fre:ac3 |fre eng ||22/08/2021 21:04
Divergente 2 - L'Insurrection (2015).mkv||No|No|2.51|1910|h264|2949|high|fre:ac3 |fre eng ||22/08/2021 22:13
Divergente 3 - Au-delà du mur (2016).mkv||No|No|2.553|1080p|h264|2961|high|fre:ac3 |fre fre fre fre eng eng ||22/08/2021 23:29
Diversion (2015).avi||No|No|0.7|704|mpeg4|794|advanced simple profile|???:mp3 |||02/01/2020 19:00
Django Unchained (2012).mkv|ToClean|No|Yes|16.553|1080p|h264|13993|high|fre:dts eng:dts |fre fre eng ||09/05/2013 20:44
Doctor Strange (2016).mkv|Good|No|No|2.015|1080p|hevc|2450|main 10|fre:ac3 |fre ||08/05/2022 21:51
Don't Look Up - Déni cosmique (2021).mkv|ToClean|No|Yes|8.526|1080p|h264|8324|high|fre:eac3 eng:eac3 |fre fre ||13/11/2022 00:37
Dos au mur (2012).mkv|ToClean|No|Yes|2.826|1080p|h264|3853|high|fre:ac3 eng:ac3 |fre fre fre eng eng spa ||26/02/2021 21:20
Dracula (1992).mkv|ToClean|No|Yes|4.179|1912|h264|4588|main|fre:ac3 eng:ac3 |fre eng ||27/02/2021 00:18
Droit de passage (2009).mkv||No|No|3.457|1080p|h264|4273|main|fre:aac fre:aac |fre ||24/12/2022 20:19
Dumb Money (2023).mkv|ToClean|No|Yes|5.893|1080p|h264|7883|high|fre:eac3 fre:eac3 eng:eac3 |fre fre fre ||09/05/2024 17:10
Dune - Deuxième partie (2024).mp4||No|No|1.091|720|h264|751|high|fra:aac |fra ||17/04/2024 21:47
Dune - Première partie (2021).mkv||No|No|3.676|1080p|h264|3296|high|fre:ac3 |fre fre ||26/10/2021 13:24
Défense d'atterrir (2022).mkv|ToClean|No|Yes|3.129|1080p|h264|3106|high|fre:ac3 kor:aac |fre fre ||01/05/2023 20:11
Déjà vu (2006).mkv||No|No|2.296|1080p|h264|2538|high|fre:ac3 |fre ||05/03/2021 18:28
Eddie the Eagle (2016).mkv||No|No|3.281|1080p|h264|4339|high|fre:dts |fre fre fre eng ||21/01/2022 21:51
Edge of Tomorrow (2014).mkv|ToEncode|Yes|Yes|16.321|1080p|h264|20105|high|fre:dts eng:dts |fre fre eng ||27/09/2014 15:08
Elysium (2013).avi||No|No|1.398|720|mpeg4|1327|advanced simple profile|???:ac3 |||21/09/2015 10:36
En pleine tempête (2000).mkv|ToClean|No|Yes|7.141|720p|h264|7690|high|eng:ac3 fre:ac3 |eng fre ||07/08/2013 09:40
Ennemi d'état (1998).mkv|ToClean|No|Yes|10.074|1080p|h264|10656|high|fre:dts eng:ac3 |fre fre eng eng ||07/08/2014 03:50
Enragé (2020).mkv|ToClean|No|Yes|2.235|1080p|h264|3467|high|fre:ac3 eng:ac3 |fre fre fre ||20/11/2020 21:29
Entangled (2019).mkv|ToClean|No|Yes|2.244|1080p|h264|3467|high|fre:ac3 eng:ac3 |fre ||02/08/2022 21:57
Entre deux rives (2006).mkv|ToClean|No|Yes|3.722|1080p|h264|5279|high|fre:ac3 eng:ac3 |fre ||05/04/2021 20:57
Entretien avec un vampire (1994).mkv||No|No|2.532|1824|h264|2889|high|fre:ac3 |fre ||26/02/2021 23:38
Equalizer (2014).avi||No|No|2.119|720|mpeg4|1813|advanced simple profile|???:ac3 |||12/12/2014 05:16
Equalizer 2 (2018).MKV||No|No|0.788|720|h264|909|high|fre:aac |fre fre ||02/11/2018 00:09
Equalizer 3 (2023).mkv|ToClean|No|Yes|5.714|1080p|h264|7332|high|fre:ac3 eng:ac3 |fre fre ||15/10/2023 12:34
Erin Brockovich, seule contre tous (2000).mkv|ToClean|No|Yes|3.066|1080p|h264|3268|high|fre:ac3 eng:ac3 |fre fre eng ||18/04/2021 08:44
Escape from Pretoria (2020).avi||No|No|0.695|720|mpeg4|783|advanced simple profile|???:mp3 |||25/04/2020 00:31
Escape Game (2019).mkv|ToClean|No|Yes|2.216|1080p|h264|3109|high|fre:ac3 eng:aac |fre fre ||25/07/2023 21:35
Escape Game 2 - Le monde est un piège (2021).mkv|ToClean|No|Yes|2.128|1080p|h264|3107|high|fre:ac3 eng:aac |fre fre ||25/07/2023 23:19
Eternal Sunshine of the Spotless Mind (2004).avi||No|No|0.699|576|mpeg4|806|advanced simple profile|???:mp3 |||09/09/2013 18:28
Expendables - Unité spéciale (2010).avi||No|No|0.712|656|mpeg4|864|advanced simple profile|???:mp3 |||21/04/2023 15:52
Exposed.2016.TRUEFRENCH.BDRip.XviD-EXTREME.www.torrent9.biz.avi||No|No|0.696|720|mpeg4|861|advanced simple profile|???:mp3 |||25/01/2025 16:19
Extinction (2015).mkv||No|No|1.047|720|h264|1295|high|fre:aac |||04/03/2016 23:39
Ex_Machina (2015).mkv|ToClean|No|Yes|12.69|1080p|h264|16425|high|fre:ac3 eng:dts |fre fre eng ||12/06/2015 16:29
Eyes Wide Shut (1999).mkv|ToClean|No|Yes|2.632|1080p|h264|2314|high|fre:ac3 eng:ac3 |fre eng eng ger ger ita ita spa dut rus chi kor spa por dan fin nor por swe jpn ||17/03/2023 18:45
Family Man (2000).mkv|ToClean|No|Yes|3.187|1080p|h264|3539|high|fre:ac3 eng:ac3 fre:ac3 |fre eng eng ||14/05/2020 22:36
Fast & Furious - Hobbs & Shaw (2019).mkv|ToClean|No|Yes|3.101|1080p|h264|3171|high|fre:ac3 eng:aac |fre fre ||17/05/2023 23:59
Fast & Furious - Tokyo drift (2006).mkv|ToClean|No|Yes|3.594|1080p|h264|4821|high|fre:ac3 eng:ac3 |fre fre ||26/10/2022 20:04
Fast & Furious 4 (2009).mkv|ToClean|No|Yes|3.682|1080p|h264|4822|high|fre:ac3 eng:ac3 |fre fre ||17/05/2023 18:38
Fast & Furious 5 (2011).mkv|ToClean|No|Yes|4.296|1080p|h264|4608|main|fre:aac eng:aac |fre eng fre fre eng eng fre ||17/05/2023 20:39
Fast & Furious 6 (2013).mkv|ToClean|No|Yes|4.305|1080p|h264|4592|main|fre:aac eng:aac |eng eng fre fre fre eng fre ||17/05/2023 21:15
Fast & Furious 7 (2015).mkv|ToClean|No|Yes|4.74|1080p|h264|4825|high|fre:ac3 eng:ac3 |fre fre ||18/05/2023 01:00
Fast & Furious 8 (2017).avi||No|No|1.403|720|mpeg4|1300|advanced simple profile|???:mp3 |||31/07/2017 02:24
Fast & Furious 9 (2021).mkv||No|No|2.128|720p|h264|2083|high|fre:ac3 |fre fre ||15/01/2022 13:24
Fast and Furious (2001).mkv|ToClean|No|Yes|3.689|1080p|h264|4827|high|fre:ac3 eng:ac3 |fre fre ||26/10/2022 20:39
Ferrari (2023).mkv|ToClean|No|Yes|7.178|1080p|h264|7653|high|fre:eac3 eng:eac3 |fre fre fre eng eng ||10/03/2024 22:57
Fight Club (1999).mkv||No|No|2.859|1080p|h264|2873|high|fre:ac3 |fre eng spa ||16/10/2021 21:16
Finch (2021).mkv||No|No|3.562|1080p|h264|4306|high|fre:ac3 |fre fre fre eng eng ||07/11/2021 00:07
Firewall (2006).mkv|ToClean|No|Yes|2.827|1080p|h264|3769|high|fre:ac3 eng:ac3 |fre eng ||15/08/2021 23:19
First Man - Le Premier Homme sur la Lune (2018).mkv||No|No|2.969|1080p|h264|2944|high|fre:ac3 |fre ||11/09/2020 00:56
Forrest Gump (1994).mkv|ToClean|No|Yes|2.334|1080p|h264|2296|high|fre:ac3 eng:aac |eng fre ||28/02/2024 19:46
Free Guy (2021).mkv||No|No|3.392|1080p|h264|4124|high|fre:ac3 |fre fre eng eng ||13/11/2021 20:59
Fréquence Interdite (2000).mkv||No|No|1.396|912|h264|1645|high|fre:aac |fre ||22/08/2020 22:07
Furiosa: A Mad Max Saga (2024).mkv|ToClean|No|Yes|11.847|1080p|h264|11176|high|fre:eac3 fre:eac3 eng:eac3 |fre fre fre eng ||02/02/2025 02:35
Gagarine - First in space (2013).mkv||No|No|3.798|1080p|h264|4905|high|fre:ac3 fre:aac |fre ||25/09/2020 14:01
Gemini Man (2019).mkv||No|No|3.012|1080p|h264|3599|high|fre:ac3 |fre fre fre eng eng ||10/09/2021 21:19
Geostorm (2017).avi||No|No|0.7|720|mpeg4|756|advanced simple profile|???:mp3 |||17/02/2018 09:54
Get Out (2017).mkv|ToClean|No|Yes|2.454|1080p|h264|3297|high|fre:ac3 eng:ac3 |fre eng eng ||28/10/2023 16:54
Ghost Dog, la voie du samouraï (1999).mkv||No|No|2.843|1856|h264|3574|high|???:ac3 ???:ac3 ???:aac |??? ??? ||16/02/2022 19:35
Ghosted (2023).mp4||No|No|0.989|720|h264|1014|high|fra:aac |||01/05/2023 20:37
Gladiator (2000).mkv|ToClean|No|Yes|4.588|1080p|h264|3752|high|fre:ac3 eng:ac3 |fre fre ||27/06/2024 21:08
Gladiator II (2024).mkv|ToClean|No|Yes|10.974|1080p|h264|10113|high|fre:eac3 fre:eac3 eng:eac3 |fre fre fre fre eng ||25/12/2024 19:51
Glass (2019).mkv||No|No|2.663|1080p|h264|2884|high|fre:ac3 |fre ||05/09/2020 22:04
Glass Onion - Une histoire à couteaux tirés (2022).mkv|ToClean|No|Yes|8.268|1080p|h264|8195|high|fre:eac3 eng:eac3 |fre fre eng eng ||30/12/2022 20:08
Gone Girl (2014).avi||No|No|1.401|720|mpeg4|1177|advanced simple profile|???:mp3 |||01/01/2015 13:21
Gran Torino (2008).avi||No|No|0.701|592|mpeg4|771|???|???:mp3 |||14/08/2014 23:52
Gran Turismo (2023).mkv|ToClean|No|Yes|7.026|1080p|h264|7316|high|fre:ac3 eng:ac3 |fre fre eng ||27/01/2024 14:27
Gravity (2013).mkv||No|No|10.242|1080p|h264|15741|high|fre:dts |fre fre ||03/11/2020 22:52
Greenland - Le Dernier Refuge (2020).mkv|ToClean|No|Yes|2.667|1080p|h264|3120|high|fre:ac3 eng:aac |fre fre fre ||22/11/2022 21:51
Hackers (1995).mkv||No|No|2.935|1080p|h264|3898|high|fre:ac3 |fre eng eng ||15/08/2021 20:21
Hancock (2008).mkv|ToClean|No|Yes|3.898|1080p|h264|5330|high|fre:ac3 eng:ac3 |fre fre ||14/12/2020 02:39
Harry Potter et l'Ordre du Phénix (2007).mkv||No|No|1.36|720|h264|1434|high|fre:ac3 |fre ||22/04/2013 17:38
Harry Potter et la Chambre des secrets (2002).mkv|ToClean|No|Yes|12.345|1080p|h264|10725|high|fre:ac3 eng:ac3 |fre fre eng ||08/05/2014 09:06
Harry Potter et la Coupe de feu (2005).mkv||No|No|1.495|720|h264|1387|high|fre:ac3 |fre ||24/04/2013 16:20
Harry Potter et le Prince de sang-mêlé (2009).mkv|ToClean|No|Yes|16.811|1080p|h264|15308|high|fre:ac3 eng:ac3 eng:truehd |eng fre fre ||03/02/2014 07:02
Harry Potter et le Prisonnier d'Azkaban (2004).mkv||No|No|1.592|720|h264|1639|high|fre:ac3 |fre ||22/04/2013 15:00
Harry Potter et les Reliques de la mort - 1ère partie (2010).mkv|ToClean|No|Yes|11.192|1080p|h264|10711|high|eng:dts fre:ac3 |fre ||01/07/2015 03:53
Harry Potter et les Reliques de la mort - 2ème partie (2011).mkv||No|No|1.06|720|h264|1185|high|fre:ac3 |fre ||23/04/2013 01:46
Harry Potter à l'école des sorciers (2001).mkv||No|No|8.537|1080p|h264|6964|constrained baseline|fra:aac fra:ac3 |||07/05/2014 13:59
Haute voltige (1999).mkv|ToClean|No|Yes|3.105|1080p|h264|3844|high|fre:ac3 eng:ac3 fre:ac3 |fre fre eng ||04/11/2024 22:31
I, Robot (2004) [3D].mkv|Ignore|No|No|8.578|1080p|h264|10452|high|fra:ac3 ||Film 3D|04/11/2012 15:45
I, Robot (2004).mkv||No|No|1.976|1080p|h264|2408|high|fre:aac |fre ||31/12/2016 00:22
Identité secrète (2011).mkv||No|No|1.834|1080p|h264|2418|high|fre:ac3 |fre ||12/03/2023 22:20
Il faut sauver le soldat Ryan (1998).mkv||No|No|3.26|1080p|h264|2707|high|fre:ac3 |fre fre eng ||11/10/2021 23:26
Il était Temps (2013).mkv|ToClean|No|Yes|6.281|720p|h264|7118|high|eng:dts fre:ac3 |fre fre ||26/01/2014 00:37
Imitation Game (2014).avi||No|No|0.703|720|mpeg4|718|advanced simple profile|???:mp3 |||28/03/2015 20:56
Incassable (2000).mkv||No|No|0.829|720|h264|1134|high|fre:ac3 |fre ||26/04/2013 11:29
Inception (2010).mkv|ToClean|No|Yes|11.194|1080p|h264|10565|high|eng:dts fre:ac3 |eng fre fre ||25/12/2013 20:53
Indiana Jones et le royaume du crâne de cristal (2008).mkv|ToClean|No|Yes|3.474|1080p|h264|3964|high|fre:ac3 fre:ac3 eng:ac3 |fre fre eng fre fre eng ||19/06/2023 20:56
Inferno (2016).avi||No|No|1.403|720|mpeg4|1476|advanced simple profile|???:mp3 |||14/01/2017 13:51
Infiltrator (2016).avi||No|No|2.097|720|mpeg4|1848|advanced simple profile|???:ac3 |||13/10/2016 21:12
Infinite (2021).mkv||No|No|2.05|1080p|h264|2695|high|fre:aac |fre ||09/04/2022 22:00
Infinite Storm (2022).mkv|ToClean|No|Yes|2.996|1080p|h264|4286|high|fre:ac3 eng:ac3 |fre fre eng eng ||10/06/2022 20:31
Inglourious Basterds (2009).mkv|ToClean|No|Yes|2.461|1080p|h264|2249|high|fre:aac eng:aac |fre fre eng eng ||05/10/2024 13:42
Insaisissables (2013).mkv||No|No|4.467|720p|h264|5004|high|fre:ac3 |fre ||24/11/2013 11:14
Insaisissables 2 (2016).mkv|ToClean|No|Yes|8.95|1080p|h264|9683|high|fre:ac3 eng:ac3 |fre fre fre ||07/09/2016 13:37
Into the Wild (2007).mkv||No|No|2.1|720|h264|1982|high|fre:ac3 |||15/08/2014 10:48
Intouchables (2011).avi||No|No|0.701|624|mpeg4|772|advanced simple profile|???:mp3 |||04/01/2012 13:48
Intraçable (2008).mkv|ToClean|No|Yes|3.603|1080p|h264|4987|high|fre:ac3 eng:ac3 |fre fre eng ||15/08/2021 21:29
Invincible (2006).avi||No|No|0.7|528|mpeg4|844|???|???:mp3 |||03/08/2011 13:27
Iron Man (2008).mkv|ToClean|No|Yes|12.246|1080p|h264|13563|high|fre:dts eng:dts |fre fre ||18/07/2015 22:11
Iron Man 2 (2010).mkv|ToClean|No|Yes|12.193|1080p|h264|13676|high|fre:ac3 eng:dts eng:ac3 |fre fre eng ||20/04/2013 19:26
Iron Man 3 (2013).mkv|ToClean|No|Yes|11.181|1080p|h264|11975|high|fre:dts eng:dts |fre fre ||27/01/2014 11:07
Irréversible (2002).avi||No|No|0.699|592|mpeg4|898|???|???:mp3 |||24/09/2014 21:14
Jack Reacher (2012).mkv|ToClean|No|Yes|10.074|1080p|h264|10800|high|fre:ac3 eng:dts |fre fre ||18/04/2013 15:27
Jack Reacher - Never Go Back (2016).mkv|ToClean|No|Yes|8.373|1080p|h264|9909|high|fre:ac3 eng:ac3 |fre fre ||18/01/2017 18:01
Jamais le premier soir (2014).avi||No|No|1.398|720|mpeg4|1697|advanced simple profile|???:ac3 |||21/09/2015 11:16
Jason Bourne (2016).mkv|ToClean|No|Yes|11.095|1080p|h264|12591|high|fre:dts fre:ac3 eng:dts |fre fre ||19/11/2016 10:34
Jason Bourne - l’héritage (2012).mkv|ToClean|No|Yes|11.188|1080p|h264|11594|high|fre:dts eng:dts |fre fre ||11/10/2013 10:27
Je te promets (2012).avi||No|No|0.703|720|mpeg4|809|advanced simple profile|???:mp3 |||01/06/2012 17:19
Jeux de guerre (1983).avi||No|No|1.401|704|mpeg4|1341|advanced simple profile|???:ac3 |||29/12/2019 12:21
John Wick (2014).mkv|ToClean|No|Yes|8.13|1080p|h264|11231|high|fre:ac3 eng:ac3 |fre fre fre ||31/01/2015 03:52
John Wick - Chapitre 4 (2023).mkv|ToClean|No|Yes|5.564|1080p|h264|4595|main|fre:aac eng:aac |fre eng fre ||26/11/2023 21:21
John Wick - Parabellum (2019).mkv||No|No|3.117|1080p|h264|3332|high|fre:ac3 fre:ac3 |fre fre ||23/09/2019 21:48
John Wick 2 (2017).mp4||No|No|1.162|720p|h264|1131|high|und:aac |||12/06/2017 22:19
Joker (2015).avi||No|No|1.388|720|mpeg4|1712|advanced simple profile|???:ac3 |||15/04/2015 22:53
Joker (2019).mkv||No|No|3.837|1080p|h264|4486|high|fre:mp3 |||26/11/2019 22:20
Jolt (2021).mkv||No|No|3.111|1080p|h264|4775|high|fre:ac3 |fre fre ||10/09/2021 00:48
L'Associé du diable (1997).mkv||No|No|3.382|1080p|h264|3285|high|???:ac3 ???:ac3 ???:aac |??? ??? ||05/04/2021 18:04
L'Aventure intérieure (1987).mkv|ToClean|No|Yes|4.248|1080p|h264|4957|high|fre:ac3 fre:ac3 eng:ac3 fre:ac3 |fre fre fre eng eng ||02/01/2025 18:24
L'Empire contre-attaque (1980).mkv|ToClean|No|Yes|14.925|1080p|h264|16385|high|fre:dts eng:dts |fre eng ||24/03/2015 02:09
L'Homme sans visage (1993).mkv|ToClean|No|Yes|3.787|1914|h264|4615|main|fre:ac3 eng:ac3 |fre ||20/09/2021 19:54
L'Immortel (2010).mkv||No|No|2.79|1080p|h264|3334|high|???:ac3 ???:aac |||17/09/2021 11:17
L'Incroyable Hulk (2008).mkv|ToClean|No|Yes|3.586|1080p|hevc|4463|main 10|fre:ac3 eng:ac3 |fre fre eng eng eng ||11/09/2024 07:37
L'œil du mal (2008).mkv||No|No|4.899|1080p|h264|5825|high|fra:ac3 eng:ac3 |eng fra fra fra eng ||18/04/2021 15:04
La Cité de la peur (1994).avi||No|No|0.7|720|msmpeg4v3|910|???|???:mp3 |||01/12/2018 22:49
La Cité des Anges (1998).mkv||No|No|3.276|1080p|h264|4010|high|???:ac3 ???:ac3 ???:aac |??? ||14/05/2020 21:59
La fille du roi des marais (2023).mkv|ToClean|No|Yes|5.566|1080p|h264|7187|high|fre:eac3 eng:eac3 |fre fre eng ||05/01/2024 20:15
La Fille du train (2016).avi||No|No|0.7|720|mpeg4|732|advanced simple profile|???:mp3 |||11/03/2017 19:23
La Firme (1993).mkv|ToClean|No|Yes|3.479|1080p|h264|3146|main|fre:ac3 eng:ac3 |fre fre ||25/04/2021 16:32
La Fièvre du samedi soir (1977).mkv|ToClean|No|Yes|3.787|1080p|h264|4447|high|fre:ac3 eng:ac3 fre:aac |fre eng eng ||02/10/2020 20:31
La Grande Muraille (2016).mkv|ToClean|No|Yes|2.479|1080p|h264|3364|high|fre:ac3 eng:ac3 fre:aac |fre fre ||15/05/2024 22:55
La Guerre des étoiles (1977).mkv|ToClean|No|Yes|15.149|1080p|h264|16979|high|fre:dts eng:dts |fre fre eng eng ||24/03/2015 02:09
La Machine à explorer le temps (2002).mkv|ToClean|No|Yes|2.548|1080p|h264|3720|high|fre:ac3 eng:ac3 |fre fre eng ||08/03/2023 19:36
La Montagne entre nous (2017).mkv|ToClean|No|Yes|3.0|1080p|h264|3752|high|fre:ac3 fre:ac3 eng:ac3 |fre fre eng eng ||17/09/2021 22:14
La Mort dans la peau (2004).avi||No|No|0.7|608|mpeg4|835|???|???:mp3 |||13/06/2009 13:54
La Mort en sursis (2012).avi||No|No|0.696|656|mpeg4|967|advanced simple profile|???:mp3 |||01/01/2019 23:21
La Mémoire dans la peau (2002).avi||No|No|0.698|608|mpeg4|716|???|???:mp3 |||13/06/2009 17:43
La Peur au ventre (2006).avi||No|No|0.7|544|mpeg4|732|???|???:mp3 |||29/05/2011 15:23
La Planète des singes - Les Origines (2011).avi||No|No|0.7|720|mpeg4|862|advanced simple profile|???:mp3 |||28/08/2011 19:19
La Planète des singes - Suprématie (2017).avi||No|No|2.2|720|mpeg4|1736|advanced simple profile|???:ac3 |||01/11/2017 22:31
La Rage au ventre (2015).mkv||No|No|0.895|720|h264|1009|high|fre:aac |fre fre ||09/12/2015 21:10
La Rançon (1996).mkv|ToClean|No|Yes|5.113|1080p|h264|5885|main|fre:ac3 eng:ac3 fre:ac3 |fre eng fre fre ||24/04/2021 21:28
La Route (2009).avi||No|No|0.7|576|mpeg4|777|advanced simple profile|???:mp3 |||05/05/2010 17:56
La Stratégie Ender (2013).avi||No|No|0.713|720|mpeg4|737|advanced simple profile|???:mp3 |||09/05/2019 21:05
La Taupe (2011).mkv|ToClean|No|Yes|4.096|1080p|h264|4496|high|fre:ac3 eng:ac3 |fre fre eng ||03/11/2020 22:54
La traversée (2022).mkv||No|No|2.251|1080p|h264|2893|high|fre:ac3 |fre ||29/01/2023 15:40
La Vengeance dans la peau (2007).avi||No|No|0.699|544|mpeg4|779|advanced simple profile|???:mp3 |||13/06/2009 15:04
La voie de la justice (2019).avi||No|No|1.4|720|mpeg4|1291|advanced simple profile|???:mp3 |||25/04/2020 17:58
Land of Bad (2024).mkv|ToClean|No|Yes|8.1|1080p|h264|9928|high|fre:eac3 eng:eac3 |fre fre eng ||16/07/2024 21:29
Lara Croft - Tomb Raider (2001).mp4||No|No|2.404|1080p|h264|2698|high|fra:ac3 |||29/01/2022 16:44
Lara Croft - Tomb Raider, le berceau de la vie (2003).mp4||No|No|2.638|1080p|h264|2499|high|fra:ac3 |||29/01/2022 17:02
Last Vegas (2013).mkv||No|No|2.054|1080p|h264|2724|high|fre:ac3 |??? fre ||02/01/2017 16:31
Le cas Richard Jewell (2019).avi||No|No|1.399|720|mpeg4|1358|advanced simple profile|???:mp3 |||30/04/2020 23:52
Le Cercle des neiges (2023).mkv|ToClean|No|Yes|11.33|1080p|h264|10885|high|fre:eac3 fre:eac3 spa:eac3 spa:eac3 |fre fre fre fre spa eng ||04/01/2024 21:31
Le Cercle des poètes disparus (1989).mkv|ToClean|No|Yes|3.398|1080p|h264|3651|high|fre:ac3 eng:ac3 fre:ac3 |fre fre eng ||17/10/2021 13:43
Le Comte de Monte-Cristo (2024).mkv||No|No|11.003|1080p|h264|8652|high|fre:eac3 fre:eac3 |fre fre ||28/10/2024 00:45
Le crime de l'Orient-Express (2017).mkv|ToClean|No|Yes|2.586|1080p|h264|3174|high|fre:ac3 eng:aac |fre fre ||22/09/2023 23:15
Le Dernier Duel (2021).mkv|ToClean|No|Yes|3.791|1080p|h264|3444|high|fre:ac3 eng:ac3 |fre fre ||24/08/2022 21:43
Le Fabuleux Destin d'Amélie Poulain (2001).mkv||No|No|2.075|720|h264|2349|high|fre:ac3 |||18/04/2020 23:22
Le Fugitif (1993).mkv|ToClean|No|Yes|3.313|1910|h264|3557|high|fre:ac3 eng:ac3 |fre eng ||12/03/2023 14:00
Le Grand Jeu (2017).mkv||No|No|3.748|1080p|h264|3728|high|fre:ac3 |fre ||31/08/2020 23:09
Le Jour d'après (2004).mkv|ToClean|No|Yes|4.255|1080p|h264|4809|high|fre:ac3 eng:aac |fre fre eng fre fre fre fre ||19/10/2020 17:00
Le Labyrinthe (2014).mkv||No|No|2.433|1080p|h264|2998|high|fre:ac3 |fre fre fre eng spa ||11/04/2021 21:12
Le Labyrinthe - La Terre brûlée (2015).mkv||No|No|3.059|1080p|h264|3245|high|fre:ac3 |fre ||16/04/2021 19:06
Le Labyrinthe - Le Remède mortel (2018).mkv||No|No|3.189|1080p|h264|3099|high|fre:ac3 |fre fre fre eng eng ||12/04/2021 13:08
Le Loup de Wall Street (2013).mkv||No|No|3.778|1080p|h264|2936|high|fre:aac fre:ac3 |fre fre eng eng ||19/10/2020 17:36
Le Mans 66 (2019).mkv||No|No|4.038|1080p|h264|3699|high|fre:ac3 |fre fre fre eng eng eng ||26/10/2021 22:06
Le Ministère de la Sale Guerre (2024).mkv|ToClean|No|Yes|7.589|1080p|h264|8708|high|fre:eac3 fre:eac3 eng:eac3 |fre fre fre fre eng ||09/08/2024 18:33
Le monde perdu - Jurassic Park (1997).mkv|ToClean|No|Yes|3.531|1080p|h264|3837|high|fre:ac3 eng:ac3 fre:aac |fre jpn eng fre ita ger spa dut chi dan fin ice kor nor por swe chi jpn ita ger spa ||13/12/2020 16:01
Le Nom de la rose (1986).mkv|ToClean|No|Yes|2.957|1080p|h264|3142|high|fre:ac3 eng:ac3 |fre eng ||15/11/2024 20:59
Le Parrain (1972).mkv|ToClean|No|Yes|2.876|1080p|hevc|2270|main|fre:aac eng:aac |fre fre eng ||14/04/2023 15:28
Le Parrain, 2e partie (1974).mkv|ToClean|No|Yes|3.28|1918|hevc|2269|main|fre:aac eng:aac |fre fre eng ||14/04/2023 15:49
Le Parrain, 3e partie (1990).mkv|ToClean|No|Yes|2.765|1912|hevc|2270|main|fre:aac eng:aac |fre fre eng ||14/04/2023 17:26
Le Pic de Dante (1997).mkv|ToClean|No|Yes|2.538|1080p|h264|3271|high|fre:ac3 eng:ac3 |fre fre eng ||13/02/2023 21:05
Le Plus Beau des combats (2000).mkv||No|No|2.635|1080p|h264|3385|high|fra:ac3 |fra ||26/08/2021 18:53
Le Prestige (2006).avi||No|No|0.699|360p|mpeg4|644|advanced simple profile|???:mp3 |||27/05/2023 20:17
Le Prodige (2015).mkv||No|No|2.707|1080p|h264|3270|high|fre:ac3 |fre ||07/10/2021 15:34
Le Retour du Jedi (1983).mkv|ToEncode|Yes|Yes|19.68|1080p|h264|20413|high|fre:dts eng:dts |fre fre eng eng ||24/03/2015 02:09
Les 4 Fantastiques (2005).mkv||No|No|3.105|1080p|h264|4115|high|???:ac3 ???:ac3 ???:aac |??? ??? ||23/05/2021 13:32
Les 4 fantastiques et le Surfer d'argent (2007).mkv||No|No|3.714|720|mpeg2video|5894|main|fre:ac3 |fre ||07/05/2013 14:51
Les Ailes de l'enfer (1997).mkv||No|No|3.284|1080p|h264|3978|high|???:ac3 ???:ac3 ???:aac |??? ??? ??? ??? ??? ??? ??? ??? ||21/01/2022 22:07
Les Animaux Fantastiques (2016).mkv|ToClean|No|Yes|13.552|1080p|h264|14260|high|fre:ac3 eng:dts |fre fre eng ||24/02/2017 23:19
Les Animaux Fantastiques - Les Crimes de Grindelwald (2018).mkv||No|No|3.253|1080p|h264|3399|high|fre:ac3 |fre fre eng eng fre ||16/10/2020 23:10
Les Animaux fantastiques - Les Secrets de Dumbledore (2022).mkv||No|No|2.943|1080p|h264|2884|high|fre:eac3 |fre fre ||10/06/2022 19:07
Les Aventuriers de l'arche perdue (1981).mkv||No|No|2.991|1080p|h264|3626|high|fre:ac3 |fre ||16/10/2021 15:00
Les Bronzés (1978).avi||No|No|0.698|512|mpeg4|920|simple profile|???:mp3 |||20/02/2022 19:17
Les Bronzés 3 - Amis pour la vie (2006).mkv||No|No|1.467|720p|h264|2123|main|fre:mp3 |||20/02/2022 22:24
Les Bronzés font du ski (1979).mkv||No|No|1.31|720p|h264|2114|main|fre:mp3 |||20/02/2022 20:51
Les Couloirs du temps - Les Visiteurs II (1998).avi||No|No|0.697|576|mpeg4|773|???|???:mp3 |||15/01/2022 09:40
Les Enquêtes du Département V - Dossier 64 (2018).mkv|ToClean|No|Yes|2.708|1080p|h264|3211|high|fre:ac3 dan:aac |fre fre ||23/08/2020 13:59
Life - Origine Inconnue (2017).mkv||No|No|3.487|1080p|h264|4690|high|fre:aac |??? ||09/04/2022 23:32
Limitless (2011).mkv|ToClean|No|Yes|8.132|1080p|h264|11300|high|fre:dts eng:dts |fre fre ||17/06/2014 19:29
Logan (2017).avi||No|No|2.105|720|mpeg4|1682|advanced simple profile|???:ac3 |||22/07/2017 01:07
Lord of War (2005).mkv|ToClean|No|Yes|3.789|1080p|h264|4345|high|fre:ac3 fre:ac3 eng:ac3 |fre eng ||09/05/2024 21:13
Lucy (2014).mkv|ToClean|No|Yes|9.627|1080p|h264|15033|high|fre:dts eng:dts |fre fre fre fre ||29/11/2014 01:49
Léon (1994).mkv|ToClean|No|Yes|5.079|1080p|h264|5342|high|fre:ac3 eng:ac3 |fre eng eng ??? ||17/09/2021 11:03
L’Affaire Monet (2014).mkv||No|No|1.099|360p|h264|1608|constrained baseline|fre:aac |||20/06/2015 22:45
Maigret (2022).mkv||No|No|1.323|720p|h264|2095|high|fre:ac3 |fre ||18/06/2022 13:51
Maison de retraite (2022).mkv||No|No|0.788|720|h264|1126|high|fre:aac |||16/06/2022 22:53
Maléfique (2014).mkv||No|No|1.405|720|h264|2015|high|fre:ac3 |||19/09/2014 19:59
Maléfique - Le Pouvoir du Mal (2019).mkv|ToClean|No|Yes|2.73|1080p|h264|3211|high|fre:ac3 eng:aac |fre fre ||05/08/2023 21:09
Man of Steel (2013).avi||No|No|1.409|720|mpeg4|1240|advanced simple profile|???:mp3 |||14/11/2013 22:12
Manipulation (2008).avi||No|No|0.698|576|mpeg4|765|advanced simple profile|???:mp3 |||20/09/2008 18:03
Mary (2017).mkv|ToClean|No|Yes|2.82|1080p|h264|3897|high|fre:ac3 eng:ac3 |fre fre ||15/06/2024 14:11
Matrix (1999).mkv|ToClean|No|Yes|12.801|1080p|h264|13131|high|eng:dts fre:ac3 |fre ??? ||14/09/2012 09:27
Matrix Reloaded (2003).mkv|ToClean|No|Yes|12.958|1080p|h264|13103|high|eng:dts fre:ac3 |fre ||14/09/2012 09:46
Matrix Resurrections (2021).mkv|ToClean|No|Yes|3.29|1080p|h264|3110|high|fre:eac3 eng:aac |fre fre ||10/01/2022 20:58
Matrix Revolutions (2003).mkv|ToClean|No|Yes|12.287|1080p|h264|13289|high|eng:dts fre:ac3 |fre ||15/09/2012 08:12
Maverick (1994).mkv||No|No|0.707|360p|h264|781|main|fre:aac |fre fre ||26/07/2022 00:20
Mayday (2023).mkv|ToClean|No|Yes|3.007|1080p|h264|3911|high|fre:ac3 eng:ac3 |fre fre fre ||11/05/2023 21:28
Memento (2000).avi||No|No|0.706|704|mpeg4|739|???|???:mp3 |||25/05/2020 23:50
Memory (2022).mkv|ToClean|No|Yes|2.536|1080p|h264|3109|high|fre:ac3 eng:aac |fre fre ||03/12/2022 19:02
Men in Black III (2012).avi||No|No|0.733|720|mpeg4|886|advanced simple profile|???:mp3 |||09/09/2012 01:06
Men in Black- International (2019).AVI||No|No|0.694|720|mpeg4|711|advanced simple profile|???:mp3 |||23/08/2019 00:20
Mi$e à prix (2006).avi||No|No|0.701|608|mpeg4|833|???|???:mp3 |||12/08/2007 18:08
Midsommar (2019).mkv|ToClean|No|Yes|3.387|1080p|h264|3214|high|fre:ac3 eng:aac |fre fre ||28/10/2023 11:10
Millénium, le film (2009).avi||No|No|1.394|360p|mpeg4|1191|advanced simple profile|???:mp3 |||20/07/2016 21:53
Minority Report (2002).mkv|ToClean|No|Yes|5.362|1080p|h264|5164|high|fre:ac3 eng:ac3 |fre fre fre fre eng ger ger dut cze cze hun hun pol por rum srp tur tur ||26/02/2020 18:00
Misery (1990).mkv|ToClean|No|Yes|2.606|1080p|hevc|3393|main 10|fre:ac3 eng:ac3 |fre fre fre ||18/02/2022 00:52
Miss Sloane (2016).avi||No|No|1.424|720|mpeg4|1241|advanced simple profile|???:mp3 |||14/03/2017 23:21
Mission - Impossible (1996).mkv|ToClean|No|Yes|2.639|1080p|h264|3347|high|fre:ac3 eng:ac3 |fre fre eng eng ||19/10/2020 18:51
Mission - Impossible - Dead Reckoning Partie 1 (2023).mkv|ToClean|No|Yes|13.411|1916|h264|11472|high|fre:eac3 eng:eac3 |fre fre eng ||14/10/2023 22:19
Mission - Impossible - Fallout (2018).mkv|ToClean|No|Yes|16.097|1080p|h264|15267|high|fre:ac3 eng:ac3 |fre fre ||19/11/2018 20:02
Mission - Impossible - Protocole Fantôme (2011).mkv|ToClean|No|Yes|3.609|1080p|h264|3795|high|fre:ac3 eng:ac3 fre:ac3 |fre fre eng eng eng ||19/10/2020 20:55
Mission - Impossible - Rogue Nation (2015).mkv|ToClean|No|Yes|12.875|1080p|h264|13682|high|eng:ac3 fre:ac3 |fre fre eng eng fre fre ||29/11/2015 06:16
Mission - Impossible 2 (2000).mkv|ToClean|No|Yes|2.914|1080p|h264|3297|high|fre:ac3 eng:ac3 |fre fre eng eng ||19/10/2020 20:29
Mission - Impossible 3 (2006).mkv|ToClean|No|Yes|3.003|1080p|h264|3347|high|fre:ac3 eng:ac3 |fre fre eng eng ||19/10/2020 22:07
Monsieur Destinée (1990).avi||No|No|0.66|528|mpeg4|783|advanced simple profile|???:mp3 |||08/04/2016 20:36
Moon (2009).mkv|ToClean|No|Yes|3.506|1080p|h264|5044|high|fre:ac3 eng:ac3 |fre fre fre fre eng ||12/07/2024 22:51
Mort ou Vif (1995).mkv||No|No|4.039|1080p|h264|5240|high|???:ac3 ???:ac3 ???:aac |??? ??? ||21/12/2022 21:58
Mort sur le Nil (2022).mkv|ToClean|No|Yes|2.822|1080p|h264|3108|high|fre:ac3 eng:aac |fre fre ||22/09/2023 21:48
Mourir peut attendre (2021).mkv||No|No|4.116|1080p|h264|3522|high|fre:ac3 |fre fre ||22/11/2021 14:36
Mr Wolff (2016).avi||No|No|1.406|720|mpeg4|1272|advanced simple profile|???:ac3 |||01/01/2017 13:19
Mr. & Mrs. Smith (2005).mkv||No|No|3.405|1080p|h264|3792|high|fre:ac3 fre:ac3 |fre eng ||15/01/2022 17:26
Mr. Brooks (2007).mkv||No|No|2.011|720p|h264|2428|high|fre:ac3 |||26/01/2017 21:05
Mulholland Drive (2001).avi||No|No|0.643|720|mpeg4|539|???|???:wmav2 |||01/08/2011 14:14
Napoléon (2023).mkv||No|No|3.834|720p|h264|3400|main|fre:aac |fre ||14/04/2024 20:38
Next (2007).mkv|ToClean|No|Yes|7.833|1080p|h264|11424|high|eng:dts fre:dts |fre ||23/11/2012 05:41
Night and Day (2010).mkv||No|No|1.019|720|h264|1217|high|fre:aac |fre ||14/05/2020 21:39
Nightmare Alley (2021).mkv|ToClean|No|Yes|3.339|1080p|h264|3109|high|fre:ac3 eng:aac |fre fre ||26/01/2023 19:35
Non-Stop (2014).mkv|ToClean|No|Yes|2.35|1080p|h264|3082|high|fre:ac3 eng:ac3 fre:aac |fre fre fre fre eng eng ||26/01/2025 01:00
Novembre (2022).mkv||No|No|2.707|1080p|h264|3554|high|fre:ac3 |fre ||30/01/2023 15:57
Oblivion (2013).avi||No|No|1.395|360p|mpeg4|1426|advanced simple profile|???:mp3 |||09/05/2019 22:08
Ocean's 8 (2018).avi||No|No|1.405|720|mpeg4|1388|advanced simple profile|???:ac3 |||14/10/2018 16:51
Ocean's Eleven (2001).mkv|ToClean|No|Yes|3.207|1080p|h264|3846|high|fre:ac3 eng:ac3 fre:ac3 |fre eng ||05/12/2015 02:07
Ocean's Thirteen (2007).mkv|ToClean|No|Yes|13.563|1080p|h264|15524|high|fre:ac3 eng:ac3 |fre fre ||02/01/2014 08:07
Ocean's Twelve (2004).mkv|ToClean|No|Yes|3.447|1080p|h264|3846|high|fre:ac3 eng:ac3 fre:ac3 |fre fre eng ||05/12/2015 02:07
Once Upon a Time... in Hollywood (2019).mkv||No|No|3.333|1080p|h264|2885|high|fre:ac3 |fre fre ||28/12/2020 15:02
Opération Espadon (2001).mkv|ToClean|No|Yes|2.631|1080p|h264|3706|high|fre:ac3 eng:ac3 fre:ac3 |fre fre eng ||02/07/2020 11:40
Ordure ! (2013).avi||No|No|1.397|720|mpeg4|1627|simple profile|???:ac3 |||22/04/2017 18:26
OSS 117 - Alerte rouge en Afrique noire (2021).mkv||No|No|2.551|1080p|h264|3084|high|fre:ac3 |fre ||20/03/2022 19:31
Oui, mais... (2001).avi||No|No|0.707|736|mpeg4|847|simple profile|???:mp3 |||02/04/2014 15:35
Panic Room (2002).mkv|ToClean|No|Yes|3.497|1080p|h264|4368|main|fre:aac eng:aac |eng fre ||04/12/2022 23:00
Papa ou maman (2015).mkv||No|No|1.714|1080p|h264|2855|high|fre:ac3 |||02/07/2024 19:54
Paranoia (2013).mkv|ToClean|No|Yes|3.958|1080p|h264|5228|high|fre:ac3 eng:ac3 |fre ||03/11/2020 20:31
Paranormal Activity- Next of Kin (2021).mkv|ToClean|No|Yes|6.181|1080p|h264|8780|high|fre:ac3 eng:eac3 |fre fre ||28/10/2023 21:16
Passengers (2016).mkv|ToClean|No|Yes|9.195|1080p|h264|11065|high|fre:ac3 eng:dts |??? fre ||24/04/2017 19:52
Payback (1999).mkv|ToClean|No|Yes|4.342|1918|h264|5991|main|fre:ac3 eng:ac3 |eng fre fre ||20/09/2021 20:17
Paycheck (2003).mkv||No|No|1.395|696|h264|1713|main|fre:ac3 |||09/12/2018 17:12
Poursuite (1996).mkv||No|No|4.328|1080p|h264|5675|high|???:ac3 ???:ac3 ???:aac |??? ??? ||05/04/2021 22:08
Premier Contact (2016).mkv|ToClean|No|Yes|3.068|1080p|h264|3683|high|fre:ac3 fre:ac3 eng:ac3 |fre fre fre eng eng fre fre eng eng spa ||28/04/2024 22:01
Projet Almanac (2015).mkv||No|No|1.288|720|h264|1695|high|fre:ac3 |||02/07/2015 22:51
Prometheus (2012).mkv||No|No|2.491|1080p|h264|2813|high|fre:ac3 fre:aac |fre fre eng ||26/07/2021 13:51
Prédestination (2014).mkv|ToClean|No|Yes|1.046|720|h264|1559|high|fre:ac3 eng:ac3 |fre fre ||25/02/2016 18:50
Prédictions (2009).mkv|ToClean|No|Yes|0.697|720|h264|836|high|fre:aac eng:aac eng:aac |mis fre fre eng eng fre ||14/05/2020 21:58
Prémonitions (2015).mkv||No|No|2.35|1080p|h264|3233|high|fre:ac3 |fre ||21/05/2021 20:14
Présumé coupable (2011).mp4||No|No|0.67|720|h264|845|high|und:aac |||13/01/2022 11:32
Pulp Fiction (1994).mkv||No|No|1.787|1080p|h264|1617|high|fre:aac |fre ||27/12/2016 23:20
Push (2009).avi||No|No|0.7|608|mpeg4|736|advanced simple profile|???:mp3 |||21/07/2017 22:11
Raisons d'état (2006).avi||No|No|1.393|720|mpeg4|1026|advanced simple profile|???:mp3 |||24/01/2018 20:14
Ready Player One (2018) [3D].mkv|Ignore|Yes|Yes|20.123|1080p|h264|20100|high|fre:dts eng:dts |fre fre |Film 3D|14/05/2021 01:41
Red Notice (2021).mkv|ToClean|No|Yes|3.655|1080p|h264|4331|main|fre:eac3 eng:eac3 |fre fre ||01/12/2021 20:31
Renaissances (2015).mkv||No|No|1.286|720|h264|1538|high|???:ac3 |||01/11/2015 18:34
Rencontre avec Joe Black (1998).mkv|ToClean|No|Yes|5.155|1080p|h264|3991|high|fre:ac3 eng:ac3 fre:aac |fre fre eng ||22/05/2021 16:25
Rencontre à Wicker Park (2004).mp4||No|No|0.53|360p|h264|577|high|und:aac |||22/04/2017 18:58
Reservoir Dogs (1992).mkv||No|No|2.431|1080p|h264|3423|high|fre:dts |fre ||17/04/2021 20:36
Retour vers le futur (1985).mkv||No|No|1.41|800|h264|1698|high|fre:aac |||24/03/2018 23:08
Retour vers le futur II (1989).mkv||No|No|1.357|800|h264|1755|high|fre:aac |||25/03/2018 00:36
Retour vers le futur III (1990).mkv||No|No|1.366|800|h264|1613|high|fre:aac |||16/03/2018 23:11
Revolver (2005).avi||No|No|1.397|360p|mpeg4|1313|advanced simple profile|???:ac3 |||11/09/2013 16:32
Road House (1989).mkv|ToClean|No|Yes|2.875|1080p|h264|3524|high|fre:ac3 eng:ac3 |fre fre eng eng ||07/04/2024 12:57
Robin des Bois (2018).mp4||No|No|1.145|720p|h264|1244|main|und:aac |||24/02/2019 18:36
Robin des Bois, prince des voleurs (1991).mkv|ToClean|No|Yes|5.263|1080p|h264|4743|high|fre:ac3 eng:ac3 |fre eng ||14/08/2022 23:52
Rock (1996).mkv||No|No|1.501|720|h264|1538|high|fre:aac |fre ||09/12/2019 22:18
Rocketman (2019).mkv||No|No|0.764|720|h264|880|high|fre:aac |||25/04/2020 17:29
Roméo + Juliette (1996).mkv||No|No|1.285|800|h264|1561|high|fra:aac |||25/03/2017 20:35
S.O.S. Fantômes (1984).mkv||No|No|1.892|1080p|h264|2516|high|???:aac |??? ||29/12/2016 21:08
S.O.S. Fantômes (2016).mkv||No|No|1.356|720|h264|1417|high|fre:aac |fre ||19/10/2016 01:38
S.O.S. Fantômes - L'Héritage (2021).mkv|ToClean|No|Yes|6.876|1080p|h264|7729|high|fre:eac3 eng:eac3 |eng eng fre ita por spa fre ||12/01/2022 22:17
Salt (2010).mp4||No|No|2.194|1080p|h264|2303|high|fra:ac3 |||02/01/2021 03:39
Salyut-7 (2017).avi||No|No|1.402|720|mpeg4|1511|advanced simple profile|???:mp3 |||03/02/2018 19:47
San Andreas (2015).mkv|ToClean|No|Yes|2.76|1080p|h264|3370|high|fre:ac3 eng:ac3 fre:ac3 |fre fre eng ||22/11/2022 21:47
Sans filtre (2022).mkv|ToClean|No|Yes|10.059|1080p|h264|9428|high|fre:ac3 eng:eac3 |fre fre eng ||23/03/2023 13:24
Sans identité (2011).avi||No|No|0.698|360p|mpeg4|765|advanced simple profile|???:mp3 |||26/06/2011 13:52
Scream VI (2023).mkv|ToClean|No|Yes|4.521|1080p|h264|5159|main|fre:aac eng:aac eng:aac |fre fre fre eng fre ||27/10/2023 23:04
Seul sur Mars (2015).mkv|ToClean|No|Yes|14.456|1080p|h264|14270|high|eng:dts fre:dts |fre fre eng fre fre ||09/01/2016 23:52
Seven (1995).mkv||No|No|3.177|1080p|h264|3502|high|fre:ac3 |fre fre fre fre fre ||07/11/2021 00:12
Shang-Chi et la Légende des Dix Anneaux (2021).mkv||No|No|1.973|720p|h264|2084|high|fre:ac3 |fre fre ||06/02/2022 19:39
Sherlock Holmes (2009).mkv||No|No|2.502|1080p|h264|2724|high|fre:ac3 |fre ||18/10/2020 19:01
Sherlock Holmes - Jeu d'ombres (2011).avi||No|No|0.701|360p|mpeg4|653|simple profile|???:mp3 |||19/04/2012 12:13
Shining (1980).mkv|ToClean|No|Yes|3.043|1080p|h264|2959|high|fre:ac3 fre:aac eng:ac3 |fre eng ||25/10/2023 18:38
Shooter, tireur d'élite (2007).mkv||No|No|3.405|1080p|h264|3787|main|fre:ac3 |fre fre ||16/09/2020 00:22
Shutter Island (2010).avi||No|No|0.7|360p|mpeg4|570|advanced simple profile|???:mp3 |||26/05/2010 00:29
Simulant (2023).mkv|ToClean|No|Yes|4.852|1080p|h264|7072|high|eng:eac3 fre:eac3 |fre fre fre ||10/05/2023 20:23
Sixième sens (1999).mkv||No|No|2.158|1080p|h264|2807|high|fre:aac |fre fre ||27/09/2020 13:56
Skyfall (2012).avi||No|No|1.41|360p|mpeg4|1239|advanced simple profile|???:mp3 |||27/01/2013 13:40
Skyscraper (2018).mkv||No|No|3.232|1080p|h264|4413|high|fre:ac3 |fre fre fre eng eng ||22/08/2021 18:20
Sleepers (1996).mkv|ToClean|No|Yes|3.876|1080p|h264|3682|high|fre:ac3 eng:ac3 fre:ac3 |fre fre eng ||19/05/2020 21:22
Sliver (1993).mkv||No|No|1.416|1080p|h264|1859|main|fre:aac |||01/10/2020 18:52
Snake Eyes (1998).mkv|ToClean|No|Yes|7.829|1080p|h264|11136|high|fre:ac3 eng:dts |fre ||10/01/2014 20:47
Snatch, tu braques ou tu raques (2000).mkv||No|No|2.92|1080p|h264|3973|high|???:ac3 ???:ac3 ???:aac |??? ??? ??? ??? ||18/07/2022 20:46
Snowden (2016).mkv|ToClean|No|Yes|3.813|1080p|h264|3954|high|fre:ac3 eng:dts fre:ac3 |fre fre fre fre eng eng eng ||15/12/2022 22:33
Snowpiercer - Le Transperceneige (2013).avi||No|No|1.397|360p|mpeg4|1415|advanced simple profile|???:mp3 |||21/03/2014 13:26
Source Code (2011).avi||No|No|1.402|720|mpeg4|1709|advanced simple profile|???:ac3 |||20/08/2011 00:13
Sous surveillance (2012).mp4||No|No|0.697|720|h264|670|high|fra:aac |||28/08/2015 18:47
Spectre (2015).mkv||No|No|1.288|720|h264|1215|high|fre:ac3 |||28/01/2016 23:13
Stillwater (2021).mkv|ToClean|No|Yes|3.447|1080p|h264|3468|high|fre:ac3 eng:ac3 |fre fre ||26/10/2021 13:45
Suicide Squad (2016).mp4||No|No|2.888|1080p|h264|2549|high|fra:ac3 |fra ||22/08/2021 23:14
Sunshine (2007).mkv||No|No|2.252|1080p|h264|2930|high|???:ac3 |||23/09/2020 22:13
Super 8 (2011).mp4||No|No|2.869|1080p|h264|3199|high|fra:ac3 |||08/12/2021 17:03
Survivor (2015).avi||No|No|1.407|720|mpeg4|1642|simple profile|???:ac3 |||20/06/2015 22:57
Suspect (2013).avi||No|No|0.702|720|mpeg4|834|advanced simple profile|???:mp3 |||29/09/2013 09:11
Sweet Girl (2021).mkv||No|No|3.409|1080p|h264|4327|high|fre:ac3 |fre fre ||08/09/2021 23:40
Sécurité Rapprochée (2012).mkv|ToClean|No|Yes|4.338|1080p|h264|5279|main|fre:ac3 eng:ac3 |fre eng ||10/05/2023 19:41
Taken (2008).avi||No|No|0.699|720|mpeg4|901|advanced simple profile|???:mp3 |||02/08/2017 00:13
Taken 2 (2012).mkv|ToClean|No|Yes|2.352|1906|h264|3345|high|fre:ac3 eng:ac3 |fre fre eng eng ||12/06/2023 21:27
Taken 3 (2014).avi||No|No|1.4|720|mpeg4|1241|advanced simple profile|???:ac3 |||05/04/2015 21:41
Taking Lives, destins violés (2004).mkv||No|No|2.952|1080p|h264|3784|high|fre:ac3 |fre fre eng eng ||27/02/2021 10:37
Tenet (2020).mkv|Good|No|No|6.24|1080p|hevc|5811|main 10|fre:eac3 |fre fre ||07/12/2020 01:46
Tetris (2023).mkv|ToClean|No|Yes|10.431|1918|h264|12382|high|fre:eac3 fre:eac3 eng:eac3 |fre fre fre eng ||21/06/2023 20:28
The Amazing Spider-Man (2012).mkv|ToClean|No|Yes|3.815|1080p|h264|3913|high|fre:ac3 eng:ac3 |fre fre eng fre eng ||10/09/2023 14:46
The Amazing Spider-Man - Le Destin d'un héros (2014).mkv|ToClean|No|Yes|3.138|1080p|h264|3098|high|fre:ac3 eng:ac3 fre:aac |fre fre eng ||10/09/2023 15:09
The Batman (2022).mkv|ToClean|No|Yes|3.92|1918|h264|3110|high|fre:eac3 eng:aac |fre fre ||19/04/2022 21:17
The Beekeeper (2024).mp4||No|No|1.002|720|h264|1155|high|fra:aac |fra fra fra eng ||16/07/2024 23:43
The Big Lebowski (1998).mkv|ToClean|No|Yes|2.695|1080p|h264|3213|high|fre:ac3 eng:aac |eng fre spa ||24/08/2021 14:47
The Big Short - Le Casse du Siècle (2015).mkv|ToClean|No|Yes|2.978|1080p|h264|3196|high|fre:ac3 eng:ac3 |fre fre eng eng ||06/05/2021 19:59
The Box (2009).avi||No|No|0.699|360p|mpeg4|688|advanced simple profile|???:mp3 |||05/02/2010 08:46
The Cell (2000).mkv|ToClean|No|Yes|2.647|1080p|h264|3389|high|fre:ac3 eng:ac3 |fre eng ||06/01/2021 15:39
The Circle (2017).mkv|ToClean|No|Yes|2.366|1080p|h264|3014|high|fre:ac3 eng:aac |fre fre ||12/04/2023 22:51
The Cobbler (2014).mkv||No|No|0.805|720|h264|1147|high|???:aac |??? ||28/08/2015 15:12
The Creator (2023).mkv|ToClean|No|Yes|9.453|1080p|h264|9733|high|fre:eac3 eng:eac3 |fre fre fre eng ||12/04/2024 21:15
The Current War (2018).avi||No|No|0.694|720|mpeg4|766|advanced simple profile|???:mp3 |||30/04/2020 19:09
The Dark Knight - Le Chevalier noir (2008).avi||No|No|0.699|656|mpeg4|511|advanced simple profile|???:mp3 |||15/01/2009 21:41
The Fall Guy (2024).mkv|ToClean|No|Yes|6.951|1080p|h264|7689|high|fre:ac3 eng:eac3 |fre fre eng ||23/08/2024 09:38
The Game (1997).mkv||No|No|2.92|1080p|h264|3174|high|???:ac3 ???:ac3 ???:aac |??? ??? ??? ||05/11/2020 02:45
The Gentlemen (2020).mkv||No|No|2.345|1080p|h264|2884|high|fre:ac3 |fre fre ||06/05/2020 21:12
The Giver - Le Passeur (2014).avi||No|No|1.398|720|mpeg4|1552|advanced simple profile|???:ac3 |||29/11/2014 19:42
The Good Criminal (2020).mkv|ToClean|No|Yes|2.303|1080p|h264|3263|high|fre:ac3 eng:ac3 |fre fre ||25/12/2022 21:09
The Iceman (2012).avi||No|No|0.699|624|mpeg4|789|advanced simple profile|???:mp3 |||29/09/2013 13:27
The Irishman (2019).mkv|ToClean|No|Yes|4.655|1080p|h264|3097|high|fre:ac3 eng:aac |fre fre ||13/05/2023 10:52
La Ligne verte (1999).avi||No|No|0.701|360p|mpeg4|473|advanced simple profile|???:mp3 |||30/12/2012 15:17
Le Jour où la Terre s'arrêta (2008).mkv||No|No|3.003|1080p|h264|3754|high|fra:aac eng:aac |fra fra eng ||05/03/2021 17:52
Le Roi Arthur - La Légende d'Excalibur (2017).mkv|ToClean|No|Yes|3.625|1080p|h264|4015|high|fre:ac3 fre:ac3 eng:ac3 |fre fre fre eng eng spa fre fre eng spa ||17/12/2022 12:56
Les Enquêtes du département V - L'Effet Papillon (2021).mkv|ToClean|No|Yes|3.107|1080p|h264|3469|high|fre:ac3 dan:ac3 |fre fre ||07/01/2023 14:18
Otage (2005).avi||No|No|1.399|720|mpeg4|1337|advanced simple profile|???:ac3 |||03/01/2018 14:35
Penoza- The Final Chapter (2019).mkv|ToClean|No|Yes|2.878|1080p|h264|3466|high|fre:ac3 dut:ac3 |fre fre ||13/04/2024 10:45
Ready Player One (2018).mkv||No|No|3.272|1080p|h264|3268|high|fre:ac3 fre:ac3 |fre fre ||13/05/2021 22:39
Seul au monde (2000).mkv|ToClean|No|Yes|12.315|1080p|h264|11974|high|fre:ac3 eng:dts |fre fre eng eng ||01/12/2013 01:26
Starfighter (1984).mkv||No|No|1.869|1080p|h264|2598|high|fre:ac3 |||28/12/2019 14:19
Taxi (1998).mkv||No|No|3.286|1080p|h264|5115|high|fre:ac3 fre:aac |eng ||02/07/2020 21:09
The Island (2005).avi||No|No|1.702|360p|mpeg4|1099|simple profile|???:ac3 |||09/12/2018 19:20
Tyler Rake 2 (2023).mkv|ToClean|No|Yes|5.716|1080p|h264|6447|main|fre:eac3 eng:eac3 |fre fre eng eng ||19/06/2023 23:15
Voyage au centre de la Terre 2 - L'Île mystérieuse (2012) [3D].mkv|Ignore|No|No|8.321|1080p|h264|12354|high|fre:ac3 ||Film 3D|14/01/2022 20:46
The King’s Man - Première Mission (2021).avi||No|No|1.4|720|mpeg4|1364|advanced simple profile|???:mp3 |||21/09/2022 21:05
The November Man (2014).avi||No|No|0.7|720|mpeg4|769|advanced simple profile|???:mp3 |||14/10/2015 17:35
The Old Guard (2020).avi||No|No|1.241|720|mpeg4|1239|advanced simple profile|???:mp3 |||07/08/2020 21:13
The Program (2015).mkv|ToClean|No|Yes|2.341|1080p|h264|3175|high|fre:ac3 eng:ac3 fre:ac3 |fre fre eng eng ||19/01/2022 16:05
The Revenant (2015).mkv|ToClean|No|Yes|11.696|1080p|h264|10459|high|fre:ac3 eng:dts |fre fre ||08/04/2016 17:30
The Ryan initiative (2014).mkv||No|No|2.027|1904|h264|2685|high|???:ac3 ???:aac |??? ||10/03/2021 14:12
The Score (2001).mkv||No|No|2.978|1080p|h264|3355|high|fre:ac3 |fre fre fre ||19/02/2022 18:33
The Social Network (2010).mkv|ToClean|No|Yes|3.227|1080p|h264|3746|high|fre:ac3 fre:ac3 eng:ac3 |fre fre eng ||20/02/2024 21:51
The Spacewalker (2017).mkv||No|No|0.927|720|h264|946|high|fre:aac |fre ||01/12/2018 23:57
The Suicide Squad (2021).mkv||No|No|3.052|1080p|h264|3257|high|???:aac |||23/08/2021 08:57
The Tomorrow War (2021).mkv||No|No|3.439|1080p|h264|3481|high|fre:ac3 |fre fre ||15/07/2021 17:05
The Truman Show (1998).mkv|ToClean|No|Yes|3.295|1080p|h264|4475|high|fre:ac3 eng:ac3 fre:aac |eng fre ||20/11/2020 21:14
The Whole Truth (2016).mkv|ToClean|No|Yes|1.995|1080p|h264|2981|high|fre:ac3 eng:aac |fre fre fre ||06/04/2021 13:06
Thor (2011).avi||No|No|0.702|720|mpeg4|718|advanced simple profile|???:mp3 |||27/08/2011 02:55
Thor - Le Monde des ténèbres (2013).avi||No|No|1.401|720|mpeg4|1291|advanced simple profile|???:ac3 |||03/03/2014 20:08
Time Lapse (2014).avi||No|No|1.403|720|mpeg4|1747|advanced simple profile|???:mp3 |||30/07/2016 20:31
Time Out (2011).avi||No|No|0.705|360p|mpeg4|765|advanced simple profile|???:mp3 |||06/02/2012 17:24
Time Trap (2018).mkv|ToClean|No|Yes|1.948|1080p|h264|3106|high|fre:ac3 eng:aac |fre fre ||12/10/2021 13:38
Titan (2018).avi||No|No|0.698|720|mpeg4|862|advanced simple profile|???:mp3 |||02/04/2018 16:45
To the Moon (2024).mkv|ToClean|No|Yes|3.692|720p|h264|3913|high|fre:aac fre:aac fre:aac eng:aac |fre fre fre fre eng eng ||15/08/2024 21:45
Tokarev (2014).mkv|ToClean|No|Yes|2.499|1080p|h264|3549|high|eng:ac3 fre:ac3 fre:ac3 |eng fre ||07/10/2021 15:58
Tomb Raider (2018).mkv||No|No|3.158|1080p|h264|3747|high|fre:ac3 fre:ac3 |fre fre fre eng eng ||29/01/2022 16:48
Top Gun (1986).mkv||No|No|4.176|1918|h264|5327|high|fre:ac3 |fre ||05/06/2022 18:24
Top Gun - Maverick (2022).mkv|ToClean|No|Yes|2.813|1080p|h264|3020|high|fre:ac3 eng:aac |fre fre ||16/12/2022 13:28
Trainspotting (1996).mkv|ToClean|No|Yes|2.999|1080p|h264|4466|high|fre:ac3 eng:ac3 fre:aac |fre fre ||12/01/2022 22:28
Trance (2013).avi||No|No|0.699|360p|mpeg4|824|advanced simple profile|???:mp3 |||08/07/2013 18:49
Treize vies (2022).mkv|ToClean|No|Yes|9.849|1080p|h264|9201|high|eng:eac3 fre:eac3 |fre fre ||08/08/2022 21:43
True Romance (1993).avi||No|No|0.699|608|mpeg4|710|advanced simple profile|???:mp3 |||17/10/2015 23:04
Twister (1996).mkv||No|No|3.002|1080p|h264|3713|high|???:ac3 ???:ac3 ???:aac |??? ??? ??? ||13/06/2023 08:33
Twisters (2024).mkv|ToClean|No|Yes|9.575|1918|h264|10941|high|fre:aac eng:eac3 |fre fre ||20/08/2024 20:45
Tyler Rake (2020).mkv||No|No|4.57|1080p|h264|5441|main|fre:eac3 |fre fre ||01/12/2021 20:27
Unstoppable (2010).mkv|ToClean|No|Yes|3.777|1080p|h264|5360|main|fre:ac3 eng:ac3 |fre eng ||19/05/2021 22:49
Upside Down (2012).avi||No|No|0.698|360p|mpeg4|768|advanced simple profile|???:mp3 |||08/07/2013 23:28
USS Alabama (1995).mkv||No|No|1.101|720|h264|1330|high|fre:aac |||24/08/2023 21:31
Usual Suspects (1995).mkv||No|No|1.105|720|h264|1522|high|fre:ac3 |||05/05/2013 22:46
Valérian et la Cité des Mille Planètes (2017).avi||No|No|1.402|720|mpeg4|1289|advanced simple profile|???:mp3 |||15/08/2018 22:46
Vanilla Sky (2001).avi||No|No|0.701|720|mpeg4|689|???|???:mp3 |||10/07/2023 20:45
Vengeance (2017).mp4||No|No|0.449|360p|h264|569|high|und:aac |||17/04/2017 19:56
Vertiges (2014).avi||No|No|0.701|360p|mpeg4|816|advanced simple profile|???:mp3 |||01/01/2017 12:40
Very Bad Trip (2009).avi||No|No|0.699|360p|mpeg4|885|advanced simple profile|???:mp3 |||05/12/2009 15:32
Very Bad Trip 2 (2011).mkv||No|No|3.037|1080p|h264|4170|high|fre:ac3 |fre fre fre fre eng ||14/07/2021 22:55
Very Bad Trip 3 (2013).avi||No|No|0.697|360p|mpeg4|837|advanced simple profile|???:mp3 |||23/05/2014 19:47
Volcano (1997).mkv||No|No|1.048|720|h264|1411|high|fre:aac |||11/02/2023 13:12
Volte_Face (1997).mkv||No|No|3.96|1080p|h264|3985|high|???:ac3 ???:ac3 ???:aac |??? ??? ??? ??? ||21/05/2024 20:58
Voyagers (2021).mkv|ToClean|No|Yes|2.405|1080p|h264|3109|high|fre:ac3 eng:aac |fre fre ||26/08/2021 18:04
Walkyrie (2008).mkv|ToClean|No|Yes|2.752|1080p|h264|3197|high|fre:ac3 eng:ac3 fre:aac |fre fre eng ||12/06/2024 13:22
Wanted - Choisis ton destin (2008).mkv|ToClean|No|Yes|3.336|1080p|h264|4240|high|fre:ac3 fre:ac3 eng:ac3 |fre fre eng eng spa ||26/03/2023 18:05
War Dogs (2016).mkv|ToClean|No|Yes|3.035|1080p|h264|3716|high|fre:ac3 eng:ac3 |fre fre eng eng ||13/04/2024 14:08
Waterworld (1995).mkv|ToClean|No|Yes|4.257|1080p|hevc|4403|main 10|fre:opus eng:opus |fre fre fre fre fre fre fre eng eng eng ||01/02/2025 22:16
Wendy (2020).avi||No|No|0.7|720|mpeg4|735|advanced simple profile|???:mp3 |||28/01/2022 19:26
Will Hunting (1997).mkv|ToClean|No|Yes|3.286|1080p|h264|3629|high|fre:ac3 eng:ac3 |fre fre fre ||17/04/2021 12:10
Wolfs (2024).mkv|ToClean|No|Yes|9.167|1918|h264|11963|high|fre:eac3 fre:eac3 eng:eac3 |fre fre fre eng ||28/09/2024 14:08
Wolverine - Le Combat de l'immortel (2013).avi||No|No|2.1|720|mpeg4|1663|advanced simple profile|???:ac3 |||07/11/2013 04:50
World War Z (2013).mkv||No|No|1.857|720p|h264|2110|high|???:aac |fre ||04/05/2020 21:21
X-Men - Days of Future Past (2014).avi||No|No|2.097|704|mpeg4|1927|advanced simple profile|???:ac3 |||23/09/2014 16:34
X-Men - Le Commencement (2011).avi||No|No|0.699|0|mpeg4|0|???||||03/08/2011 13:31
X-Men Origins - Wolverine (2009).avi||No|No|0.699|576|mpeg4|810|advanced simple profile|???:mp3 |||27/08/2009 17:44
xXx (2002).mkv|ToClean|No|Yes|2.432|1080p|h264|2741|high|fre:ac3 eng:ac3 |fre fre eng ||17/10/2020 22:44
xXx - Reactivated (2017).avi||No|No|1.402|720|mpeg4|1507|advanced simple profile|???:ac3 |||22/07/2017 00:47
xXx² - The Next Level (2005).mkv||No|No|2.118|1080p|h264|2933|high|???:ac3 |||18/10/2020 01:34
Zack et Miri font un Porno (2008).avi||No|No|1.397|720|mpeg4|1800|advanced simple profile|???:ac3 |||29/05/2011 16:25
Zillion (2022).mkv|ToClean|No|Yes|9.652|1080p|h264|9741|high|fre:eac3 dut:eac3 |fre fre ||04/05/2024 15:44
À couteaux tirés (2019).mkv|ToClean|No|Yes|2.896|1080p|h264|3109|high|fre:ac3 eng:aac |fre fre ||30/12/2022 19:17
À la poursuite de demain (2015).mkv||No|No|12.571|1080p|h264|13485|high|???:ac3 |??? ||27/09/2015 07:29
Her (2013).avi||No|No|1.094|720|mpeg4|1069|simple profile|???:mp3 |||06/10/2014 12:39
Hitch - Expert en séduction (2005).avi||No|No|0.699|576|mpeg4|689|???|???:mp3 |||06/01/2019 14:55
Homefront (2013).mkv||No|No|3.199|1080p|h264|4446|high|fre:ac3 |fre fre ||29/03/2021 14:11
Hors de contrôle (2010).mkv|ToClean|No|Yes|3.122|1080p|h264|3745|high|???:ac3 ???:ac3 fre:ac3 |??? ??? eng ||20/09/2021 20:18
Hunger Games (2012).mkv||No|No|3.216|1080p|h264|3148|high|fre:ac3 |fre fre eng eng ||22/08/2021 17:41
Hunger Games - La Révolte - Partie 1 (2014).mkv||No|No|2.779|1080p|h264|3150|high|fre:ac3 |fre fre eng eng ||22/08/2021 20:43
Hunger Games - La Révolte - Partie 2 (2015).mkv||No|No|3.182|1080p|h264|3246|high|fre:ac3 |fre ||28/10/2018 21:33
Hunger Games - L'Embrasement (2013).mkv||No|No|3.292|1080p|h264|3147|high|fre:ac3 |fre fre eng eng ||22/08/2021 18:02
Hypnotic (2023).mkv|ToClean|No|Yes|3.064|1080p|h264|4595|main|fre:aac eng:aac |fre fre eng ||26/11/2023 18:55
I Love You Phillip Morris (2010).mkv|ToClean|No|Yes|3.351|1080p|h264|4800|high|eng:ac3 fre:ac3 |fre fre ||12/11/2021 20:00
Jumanji - Bienvenue dans la jungle (2017).mkv||No|No|2.724|1080p|h264|3199|high|fre:ac3 |fre fre fre eng eng ||16/07/2020 00:11
Jumanji - Next Level (2019).mkv||No|No|2.906|1080p|h264|3298|high|fre:ac3 |fre fre eng eng ||15/07/2020 23:41
Jumper (2008).mkv|ToClean|No|Yes|3.026|1080p|h264|4788|high|fre:ac3 eng:ac3 |fre fre eng ||12/03/2023 17:45
Jungle Cruise (2021).mkv||No|No|3.399|1080p|h264|3733|high|fre:eac3 |fre fre ||15/08/2021 18:22
Jurassic Park (1993).mkv||No|No|2.446|1080p|h264|2701|high|fre:dts |fre fre ||13/12/2020 15:41
Jurassic Park III (2001).mkv|ToClean|No|Yes|2.851|1080p|h264|4317|high|fre:ac3 eng:ac3 fre:aac |fre jpn eng fre ita ger spa dut chi dan fin ice kor nor por swe chi jpn eng fre ita ger spa jpn ita ger spa ||13/12/2020 18:38
Jurassic World (2015).mkv|ToClean|No|Yes|8.405|1080p|h264|9450|high|fre:ac3 eng:ac3 |fre fre ||26/09/2015 02:20
Jurassic World - Fallen Kingdom (2018).avi||No|No|1.425|720|mpeg4|1449|advanced simple profile|???:mp3 |||12/09/2018 21:56
Jurassic World - Le Monde d’après (2022).mkv|ToClean|No|Yes|10.512|1080p|h264|9962|high|fre:ac3 eng:eac3 |fre fre ||14/07/2022 22:06
K-19 - Le Piège des profondeurs (2002).mp4||No|No|2.358|1080p|h264|1999|high|und:ac3 |||27/08/2023 19:13
Kaamelott - Premier volet (2021).mkv||No|No|2.77|720p|h264|3224|high|fre:ac3 |fre ||21/02/2022 21:41
Kick-Ass (2010).avi||No|No|0.7|360p|mpeg4|695|advanced simple profile|???:mp3 |||24/07/2010 12:02
Kill Bill- Volume 1 (2003).mkv||No|No|1.157|720|h264|1523|high|fre:ac3 |jpn ||01/05/2013 14:36
Kill Bill- Volume 2 (2004).mkv||No|No|1.463|720|h264|1558|high|fre:ac3 |chi ||24/05/2013 02:01
Kingsman - Le Cercle d'or (2017).mkv|ToClean|No|Yes|3.685|1080p|h264|3653|high|fre:ac3 eng:ac3 fre:ac3 |fre fre fre fre fre fre fre eng eng spa ||02/10/2021 21:12
Kingsman - Services secrets (2014).avi||No|No|1.406|720|mpeg4|1389|simple profile|???:mp3 |||20/06/2015 22:16
Knock Knock (2015).mkv||No|No|3.186|1080p|h264|4484|high|fre:ac3 |fre ||28/01/2025 00:03
Le secret de la cité perdue (2022).mkv|ToClean|No|Yes|2.772|1080p|h264|3468|high|fre:ac3 eng:ac3 |fre fre ||25/09/2022 21:03
Le Seigneur des anneaux - La Communauté de l'anneau (2001).mkv||No|No|6.583|1080p|h264|4033|high|fre:mp3 |fre fre ||08/09/2022 23:00
Le Seigneur des anneaux - Le Retour du roi (2003).mkv|ToClean|No|Yes|6.215|1080p|h264|3302|high|fre:ac3 eng:ac3 |fre ??? ??? ??? ||09/09/2022 08:43
Le Seigneur des anneaux - Les Deux Tours (2002).avi||No|No|1.439|720|mpeg4|807|advanced simple profile|???:mp3 |||08/09/2022 22:21
Le Silence des agneaux (1991).avi||No|No|1.399|704|mpeg4|1585|advanced simple profile|???:mp3 |||07/07/2017 01:12
Le Stratège (2011).mkv|ToClean|No|Yes|4.885|1080p|h264|5126|high|fre:ac3 eng:ac3 fre:ac3 |fre fre fre eng eng ||20/08/2021 13:56
Le Talentueux M. Ripley (1999).mkv|ToClean|No|Yes|5.266|1080p|h264|5292|high|fre:ac3 eng:ac3 fre:aac |fre fre ||26/04/2023 13:21
Le Temps d'un week-end (1992).mkv||No|No|3.259|1080p|h264|2913|high|???:aac ???:aac |??? ??? ??? ??? ||25/07/2020 23:15
Le Terminal (2004).mkv||No|No|1.941|720|h264|2197|high|fre:ac3 |||09/08/2017 20:25
Le Virtuose (2021).mkv|ToClean|No|Yes|2.435|1080p|h264|3103|high|fre:eac3 eng:aac |fre ||10/06/2022 19:22
Le Vétéran (2021).mkv|ToClean|No|Yes|2.39|1080p|h264|3109|high|fre:ac3 eng:aac |fre ||24/04/2021 21:18
Legend (2015).mkv|ToClean|No|Yes|3.511|1080p|h264|3740|high|fre:ac3 eng:ac3 fre:ac3 |fre fre fre eng eng ||13/06/2024 08:15
Les Enquêtes du Département V - Miséricorde (2013).mkv||No|No|0.686|360p|h264|993|high|???:ac3 |||28/08/2015 16:09
Les Enquêtes du Département V - Profanation (2014).mkv||No|No|0.462|720|h264|539|high|fre:aac |||28/08/2015 16:05
Les Enquêtes du Département V- Délivrance (2016).avi||No|No|0.711|720|mpeg4|788|simple profile|???:mp3 |||07/05/2016 22:58
Les Experts (1992).mkv||No|No|2.054|720p|h264|2290|high|fre:ac3 |fre ||05/05/2020 14:26
Les Figures de l'ombre (2016).mkv|ToClean|No|Yes|4.391|1080p|h264|4844|high|fre:ac3 fre:ac3 eng:ac3 |fre fre eng ||17/01/2022 14:39
Les Fils de l'homme (2006).mkv|ToClean|No|Yes|3.128|1080p|h264|4003|main|fre:aac eng:aac |fre fre ||04/11/2022 22:49
Les Gardiens de la Galaxie Vol. 2 (2017).avi||No|No|2.099|720|mpeg4|1703|advanced simple profile|???:ac3 |||10/08/2017 21:23
Les Huit Salopards (2015).mkv||No|No|10.967|1080p|h264|9135|high|fre:ac3 |fre ||15/03/2016 16:51
Les Infiltrés (2006).mkv|ToClean|No|Yes|19.37|1080p|h264|17883|high|fre:dts eng:dts |fre fre ||20/10/2015 13:32
Les Joueurs (1998).mkv||No|No|2.764|1080p|h264|3199|high|???:ac3 ???:ac3 ???:aac |??? ??? ||27/02/2024 13:12
Les Sept Mercenaires (2016).avi||No|No|1.396|720|mpeg4|1338|advanced simple profile|???:mp3 |||23/12/2016 22:26
Les Trois Prochains Jours (2010).mkv||No|No|2.713|1080p|h264|2849|high|fre:ac3 |fre eng eng ||06/03/2022 18:29
Les Visiteurs (1993).mkv||No|No|0.972|720|h264|1274|high|fre:aac |fre ||26/01/2023 21:13
Les Voyeurs (2021).mkv|ToClean|No|Yes|9.069|1080p|h264|10900|high|fre:eac3 eng:eac3 |fre fre ||19/09/2021 20:03
Les Évadés (1994).mkv||No|No|4.169|1080p|h264|4096|main|fre:mp3 |fre ||14/12/2020 01:59
Speed (1994).mkv|ToClean|No|Yes|3.53|1080p|h264|4259|high|fre:ac3 eng:ac3 fre:aac |fre fre eng ||04/05/2024 03:06
Speed 2 - Cap sur le danger (1997).mkv|ToClean|No|Yes|4.017|1080p|h264|4487|high|fre:ac3 fre:ac3 eng:ac3 |fre fre eng ||04/05/2024 12:05
Spider-Man (2002).mp4||No|No|2.811|1080p|h264|2598|high|fra:ac3 |||22/03/2022 13:42
Spider-Man - Far From Home (2019).mkv||No|No|4.285|1080p|h264|4631|high|fre:aac |fre fre ||22/03/2022 17:05
Spider-Man - Homecoming (2017).mkv||No|No|2.992|1080p|h264|3134|main|fre:aac |fre ||22/03/2022 16:30
Spider-Man - New Generation (2018).mkv|ToClean|No|Yes|2.599|1080p|h264|3110|high|fre:ac3 eng:aac |fre fre ||08/07/2023 20:14
Spider-Man - No Way Home (2021).mkv||No|No|3.972|1080p|h264|3748|high|fre:eac3 |fre fre eng eng ||19/03/2022 21:14
Spider-Man 3 (2007).mkv||No|No|3.946|1080p|h264|3964|high|fre:ac3 |fre eng ||22/03/2022 14:08
Split (2017).mkv||No|No|2.31|1080p|h264|2758|high|fre:ac3 |fre fre eng eng ||12/01/2022 22:38
Star Trek - Sans limites (2016).mkv||No|No|1.911|1080p|h264|2183|high|fre:ac3 |||29/12/2016 22:32
Star Trek Into Darkness (2013).avi||No|No|2.1|720|mpeg4|1762|advanced simple profile|???:ac3 |||25/12/2013 21:36
Star Wars, épisode I - La Menace fantôme (1999).mkv||No|No|3.986|1080p|h264|4093|main|fre:mp3 |fre fre ||05/06/2022 18:51
Star Wars, épisode II - L'Attaque des clones (2002).mkv|ToClean|No|Yes|11.189|1080p|h264|10981|high|fre:dts eng:dts |fre fre ||20/01/2014 14:06
Star Wars, épisode III - La Revanche des Sith (2005).mkv|ToClean|No|Yes|17.308|1080p|h264|17272|high|fre:dts eng:dts |fre eng ||24/03/2015 02:09
Perfect Sense (2011).avi||No|No|0.697|360p|mpeg4|918|advanced simple profile|???:mp3 |||01/03/2013 19:28
Peur primale (1996).mkv||No|No|4.469|1856|h264|4789|high|???:ac3 ???:ac3 ???:aac |??? ??? ??? ??? ||19/02/2022 19:09
Phénomène (1996).mkv||No|No|2.147|720p|h264|2432|high|fre:ac3 |||19/05/2020 20:59
Pirates des Caraïbes - Jusqu'au bout du monde (2007).mkv|ToClean|No|Yes|4.706|1080p|h264|3905|high|fre:ac3 eng:ac3 |fre fre eng eng fre fre eng ||15/07/2023 16:06
Pirates des Caraïbes - La Vengeance de Salazar (2017).mkv|ToClean|No|Yes|3.607|1080p|h264|3905|high|fre:ac3 eng:ac3 |fre fre eng eng eng ||15/07/2023 22:04
Pirates des Caraïbes - La Fontaine de jouvence (2011).mkv|ToClean|No|Yes|3.817|1080p|h264|3913|high|fre:ac3 eng:ac3 |fre fre eng eng fre fre eng ||15/07/2023 21:16
Pirates des Caraïbes - La Malédiction du Black Pearl (2003).mkv|ToClean|No|Yes|4.002|1080p|h264|3906|high|fre:ac3 eng:ac3 |fre fre eng eng fre fre eng ||15/07/2023 14:02
Pirates des Caraïbes - Le Secret du coffre maudit (2006).mkv|ToClean|No|Yes|4.206|1080p|h264|3904|high|fre:ac3 eng:ac3 |fre fre eng eng fre fre eng ||15/07/2023 15:15
Pixels (2015) [3D].mkv|Ignore|No|Yes|7.812|1080p|h264|10321|high|fre:ac3 eng:dts |fre fre eng |Film 3D|04/02/2022 20:24
Pixels (2015).mkv||No|No|2.096|1080p|h264|2769|high|fre:ac3 |fre ||19/03/2022 21:29
Plastic (2014).mkv||No|No|0.697|720|h264|956|high|???:aac |||05/09/2015 13:49
U-571 (2000).avi||No|No|1.4|360p|mpeg4|1302|advanced simple profile|???:ac3 |||27/08/2023 19:09
Un espion ordinaire (2020).mkv||No|No|2.469|1080p|h264|3082|high|fre:ac3 |fre ||15/07/2021 14:18
Un homme chanceux (2018).mp4||No|No|1.219|1080p|h264|909|high|und:aac |||26/04/2019 23:04
Un homme d'exception (2001).mkv|ToClean|No|Yes|3.002|1080p|h264|3097|high|fre:ac3 eng:ac3 fre:aac |fre fre eng ||22/09/2024 20:41
Un Homme en colère (2021).mkv|ToClean|No|Yes|2.789|1080p|h264|3282|high|fre:ac3 eng:ac3 |fre fre fre ||24/08/2023 20:52
Un jour sans fin (1993).mkv|ToClean|No|Yes|0.7|360p|h264|1010|high|fre:aac eng:aac eng:aac |mis fre eng ger dut spa fre ||03/12/2022 16:16
Un monde meilleur (2000).avi||No|No|0.699|480|mpeg4|723|???|???:mp3 |||07/12/2022 22:16
Un ticket pour l'espace (2006).avi||No|No|0.7|360p|mpeg4|962|advanced simple profile|???:mp3 |||26/04/2024 18:38
Uncharted (2022).mkv|ToClean|No|Yes|2.575|1080p|h264|3108|high|fre:ac3 eng:aac |fre fre ||30/06/2022 21:07
Underground - L'Histoire de Julian Assange (2012).avi||No|No|0.702|624|mpeg4|946|advanced simple profile|???:mp3 |||03/04/2013 20:50
Underwater (2020).mkv||No|No|2.297|1080p|h264|3382|high|fre:ac3 |fre fre fre eng eng ||27/02/2021 21:40
Une Journée en enfer (1995).mkv|ToClean|No|Yes|3.191|1080p|h264|3471|high|fre:ac3 eng:ac3 fre:ac3 |fre fre eng eng ||26/01/2024 20:51
Une nuit en enfer (1996).mkv|ToClean|No|Yes|3.538|1080p|h264|4573|high|fre:ac3 eng:ac3 fre:aac |fre ||25/12/2022 17:59
